file_name,book,chapter,question
bamidbar13,במדבר,13,שנים עשר נשלחו לתור את הארץ
bamidbar13,במדבר,13,המרגלים היו מראשי בני ישראל
bamidbar13,במדבר,13,המרגלים יצאו מהר סיני
bamidbar13,במדבר,13,משה לא שינה את שמו של הושע בן נון
bamidbar13,במדבר,13,"בין ההוראות, לבדיקת הארץ ,של משה  היה : טיב הארץ"
bamidbar13,במדבר,13,"בין ההוראות, לבדיקת הארץ ,של משה לא היה: איזה אנשים חיים בה "
bamidbar13,במדבר,13,"בין ההוראות, לבדיקת הארץ ,של משה  היה: האם הערים מבוצרות"
bamidbar13,במדבר,13,"בין ההוראות, לבדיקת הארץ ,של משה  היה: הביאו מפרי הארץ"
bamidbar13,במדבר,13,"""ויבא עד חברון"" הכוונה ליהושע לבדו"
bamidbar13,במדבר,13,"המרגלים הביאו איתם אשכול ענבים, מן הרימונים והתאנים"
bamidbar13,במדבר,13,המרגלים חזרו אחרי 45 יום
bamidbar13,במדבר,13,המרגלים דיווחו שהארץ זבת חלב ודבש
bamidbar13,במדבר,13,"כלל חשוב: אם רוצים לשקר, קודם אומרים איזה אמת כדי להראות שאומרים אמת"
bamidbar13,במדבר,13,המרגלים דיווחו שהעם בארץ מאוד חלש
bamidbar13,במדבר,13,המרגלים דיווחו שלא ראו ענקים בארץ
bamidbar13,במדבר,13,המרגלים דיווחו שהערים בארץ מאוד גדולות ומבוצרות
bamidbar13,במדבר,13,כלב הצליח להשתיק את העם כי כולם חשבו שידבר נגד משה
bamidbar13,במדבר,13,כלב טען: אנחנו נוכל לנצח ולכבוש
bamidbar13,במדבר,13,גם כל שאר המרגלים היו בדעת כלב
bamidbar13,במדבר,13,המרגלים טענו שבארץ מתים כל הזמן אנשים
bamidbar14,במדבר,14,טיעון ראשון של הבוכים: הלואי שהיינו מתים במדבר
bamidbar14,במדבר,14,טיעון שני של הבוכים: אם היינו מגיעים לארץ היינו ניצלים ממוות
bamidbar14,במדבר,14,אמרו אחד לשני: מחליטים לחזור למצרים
bamidbar14,במדבר,14,יהושע וכלב קרעו את בגדיהם
bamidbar14,במדבר,14,יהושע וכלב טענו: טובה הארץ מאוד מאוד
bamidbar14,במדבר,14,יהושע וכלב טענו: הכל תלוי ברצון ה'
bamidbar14,במדבר,14,העם שמח מאוד על דברי יהושע וכלב
bamidbar14,במדבר,14,ה' רוצה להשמיד את ישראל בדבר
bamidbar14,במדבר,14,משה טוען לפני ה': העמים יאמרו שאינך מסוגל להביא את ישראל לארץ
bamidbar14,במדבר,14,ה' סולח לאחר שהוא שומע את ציטוט 13 המידות ממשה
bamidbar14,במדבר,14,"ה' מעניש, ע'י המתת כל יוצאי מצרים (מגיל 20), במדבר"
bamidbar14,במדבר,14,גם כלב ויהושע ימותו
bamidbar14,במדבר,14,"כעונש, נקבעו 30 שנה לנדודי ישראל  במדבר"
bamidbar14,במדבר,14,המרגלים מתו במגיפה
bamidbar14,במדבר,14,"כשהעם שומע את העונש, הוא מתאבל"
bamidbar14,במדבר,14,"כשהעם שומע את העונש, הוא מחליט כן לעלות ולכבוש את הארץ"
bamidbar14,במדבר,14,משה מעודד את העם להילחם בעמלקי והכנעני
bamidbar14,במדבר,14,ארון הברית היה בראש מחנה הלוחמים
bamidbar14,במדבר,14,הנצחון על העמלקי והכנעני היה גדול
bamidbar14,במדבר,14,מקום הקרב היה בחרמה
bamidbar15,במדבר,15,""" כִּי תָבֹאוּ אֶל אֶרֶץ מוֹשְׁבֹתֵיכֶם"", פירושו: המצוה הזאת יש לקיימה רק בבואכם לארץ"
bamidbar15,במדבר,15,"על כל קרבן חייבים: לתת מנחה, סולת, שמן ויין"
bamidbar15,במדבר,15,גר שהתגייר אינו חייב במנחות
bamidbar15,במדבר,15,"חובת הפרשת חלה, חלה כבר במדבר"
bamidbar15,במדבר,15,כמות ההפרשה של חלה מהעיסה 10%
bamidbar15,במדבר,15,""" וְהָיָה אִם מֵעֵינֵי הָעֵדָה נֶעֶשְׂתָה לִשְׁגָגָה.."" הכוונה אם כל ישראל חטאו לא בכוונה"
bamidbar15,במדבר,15,""" לְרֵיחַ נִיחֹחַ לַידֹוָד"", פרושו שיהיה לנחת רוח לפני ה'"
bamidbar15,במדבר,15,"אדם שחטא בשגגה, מביא עז בת שנה לקרבן חטאת"
bamidbar15,במדבר,15,"החוטא בכוונה, עושה בזיון למצוות ה'"
bamidbar15,במדבר,15,"החוטא בכוונה, הוא מקלל את ה'"
bamidbar15,במדבר,15,החוטא בכוונה דינו סקילה
bamidbar15,במדבר,15,"""כרת"" הוא מות בידי שמיים"
bamidbar15,במדבר,15,"חטאו של המקושש, היה, שעבד בפורים"
bamidbar15,במדבר,15,במקושש התקיים הכלל: היתרו בו שלא יעשה
bamidbar15,במדבר,15,במקושש התקיים הכלל: היו עדים למעשה
bamidbar15,במדבר,15,"משה לא ידע באיזה צורה להרוג את המקושש, אבל הוא ידע שדינו מות"
bamidbar15,במדבר,15,ה' אמר שיש לתלות את המקושש
bamidbar15,במדבר,15,ציצית בגימטריה = 600
bamidbar15,במדבר,15,"עם 8 חוטים ו 5 קשרים, הציצית  =  לתריג מצוות (613), לכן דרכה זוכרים את כל מצוות ה'"
bamidbar15,במדבר,15,בפרשת ציצית זוכרים גם את יציאת מצרים
bamidbar16,במדבר,16,קורח היה משבט לוי
bamidbar16,במדבר,16,דתן ואבירם היו גם הם משבט לוי
bamidbar16,במדבר,16,"200 השתתפו במרד, בנוסף לקורח דתן ואבירם"
bamidbar16,במדבר,16,און בן פלת התחיל במרד אך לא המשיך
bamidbar16,במדבר,16,"משה הציע , כדי לראות במי בחר ה' שכל אחד מהמורדים יקריב טלה"
bamidbar16,במדבר,16,"משה אומר לבני לוי המורדים , אין לכם סיבה למרוד הרי ה' בחר בכם"
bamidbar16,במדבר,16,"משה הראה שאין לחסוך במאמצים כדי לבטל מחלוקת, הוא ניסה עם דתן ואבירם בדרכי שלום"
bamidbar16,במדבר,16,דתן ואבירם מגיבים בשמחה על דברי משה ומוכנים להשלים איתו
bamidbar16,במדבר,16,"הטענות של דתן ואבירם: לא הגענו לארץ ישראל, אנחנו נמות במדבר, אתה משתלט עלינו"
bamidbar16,במדבר,16,משה כועס ומבקש מה' לשמוע לתפילת המורדים ולקבל את קטורתם
bamidbar16,במדבר,16,משה כועס וטוען שלקח רק חמישה חמורים מישראל
bamidbar16,במדבר,16,"משה מכנס את כל המורדים, ומציע שלכל אחד תהיה מחתה עם קטורת"
bamidbar16,במדבר,16,קורח הקהיל את כל העדה אל פתח אוהל מועד
bamidbar16,במדבר,16,"ה' ירד בעמוד ענן על אוהל מועד, ורצה להשמיד את כל עם ישראל"
bamidbar16,במדבר,16,משה ואהרן הסכימו שה' ישמיד את ישראל
bamidbar16,במדבר,16,ה' אומר למשה שירחיק את העם מאוהלי קורח דתן ואבירם
bamidbar16,במדבר,16,"קורח, דתן ואבירם עמדו זקופים בפתח אוהליהם עם בני משפחותיהם"
bamidbar16,במדבר,16,"האדמה נבקעה כמו שאמר משה , ובלעה את המורדים על משפחותיהם"
bamidbar16,במדבר,16,כשעם ישראל ראה את בקיעת האדמה הוא מחא כפיים
bamidbar16,במדבר,16,אש שיצאה מלםני ה' שרפה את 250 מקריבי הקטורת
bamidbar17,במדבר,17,תפקידו של אלעזר אחרי המרד היה לאסוף את מחתות המורדים
bamidbar17,במדבר,17,את המחתות חיבר אלעזר לשולחן
bamidbar17,במדבר,17,מטרת המחתות להזכיר שאסור לאיש שאינו מבני אהרן לעבוד במקדש
bamidbar17,במדבר,17,""" אַתֶּם הֲמִתֶּם אֶת עַם ה’"": התלונן העם על משה ואהרן
"
bamidbar17,במדבר,17,""" הֵרֹמּוּ מִתּוֹךְ הָעֵדָה הַזֹּאת וַאֲכַלֶּה אֹתָם כְּרָגַע"", ה' מתכוין להשמיד את ישראל"
bamidbar17,במדבר,17,משה ואהרן נופלים על פניהם
bamidbar17,במדבר,17,"לפי הנחיית משה,  אהרן לוקח מחתה עם קטורת כדי להפסיק את המגיפה"
bamidbar17,במדבר,17,אהרן רץ אל תוך הקהל כי ראה שהתחילה המגיפה
bamidbar17,במדבר,17,תפקיד המחתה היה לשרוף את הפצעים של הניפגעים
bamidbar17,במדבר,17,אהרן נעמד בין החיים למתים וכך כיפר על בני ישראל והפסיק את המגיפה
bamidbar17,במדבר,17,במגיפה מתו 40 אלף ו 700
bamidbar17,במדבר,17,"כדי להוכיח שאהרן נבחר על ידי ה', ההוכחה בוצעה באמצעות המטות "
bamidbar17,במדבר,17,המטות נלקחו מ 12 נשיאי השבטים
bamidbar17,במדבר,17,על כל מטה רשמו את שם אשת נשיא השבט
bamidbar17,במדבר,17,הסימן: בעל המטה שיפרח הוא שנבחר ע'י ה'
bamidbar17,במדבר,17,המטה פרח והוציא אשכול ענבים 
bamidbar17,במדבר,17,המטה שפרח היה של נשיא שבט יהודה 
bamidbar17,במדבר,17,"המטה שפרח הונח לזכרון לפני העדות, כדי שלא יתלוננו יותר"
bamidbar17,במדבר,17,""" הֵן גָּוַעְנוּ אָבַדְנוּ כֻּלָּנוּ אָבָדְנוּ"" אמרו בני ישראל כששמעו שהמן יפסיק לרדת"
bamidbar17,במדבר,17,""" כֹּל הַקָּרֵב הַקָּרֵב אֶל מִשְׁכַּן ה’ יָמוּת"", אמר משה"
bamidbar18,במדבר,18,האחריות להיתנהלות תקינה של עבודות המקדש מוטלת על אהרן ובניו
bamidbar18,במדבר,18, תפקיד שבט לוי לעזור לכוהנים.
bamidbar18,במדבר,18,ההתראה שלא יתקרבו זרים למקדש/משכן היתה על המלכים
bamidbar18,במדבר,18,יש 24 מתנות כהונה
bamidbar18,במדבר,18,קדשי קודשים אינם נאכלים ע'י הכהנים
bamidbar18,במדבר,18,קרבנות מתנה נאכלים ע'י הכהנים ובני משפחתם בתנאי שהם טהורים
bamidbar18,במדבר,18,תרומה גדולה מותרת רק לכהנים זכרים
bamidbar18,במדבר,18,"מוזכרות כאן שלוש מתנות הניתנות לכהן מהצומח: שמן, יין ודגן"
bamidbar18,במדבר,18,"""חלה"" ו""תרומת מעשר"" לא נקראות תרומה"
bamidbar18,במדבר,18,בכור אדם נפדה בגיל חודש ב  5  שקלים
bamidbar18,במדבר,18,בכור בהמה טהורה בשרו נאכל ע'י הכהנים ובני משפחותיהם
bamidbar18,במדבר,18,הנחלה הגדולה ביותר ניתנה לשבט לוי
bamidbar18,במדבר,18,שבט לוי מקבל מעשר מכל יבול של ישראל
bamidbar18,במדבר,18,מעשר  =  10%
bamidbar18,במדבר,18,2 סיבות שנותנים מעשר ללוי: 1. כתמורה לעבודה במקדש. 2. אין להם נחלה
bamidbar18,במדבר,18,הלויים צריכים לדאוג שהכהנים לא יתקרבו למקדש/משכן
bamidbar18,במדבר,18,"אם מישהו מתקרב לקודש, האחריות על הלוי להזהיר את המנתקרב"
bamidbar18,במדבר,18,"תרומת מעשר, היא התרומה שהלויים צריכים לתת לכהנים"
bamidbar18,במדבר,18,"הלוי לא צריך לחכות שהכהן יקח תרומה גדולה, לפני שהוא לוקח את המעשר"
bamidbar18,במדבר,18,"אם הלוי לקח את המעשר לפני הכהן, מוטלת עליו חובה לתת תרומה גדולה לכהן"
bamidbar19,במדבר,19,קל להסביר את הנימוקים למצות פרה אדומה
bamidbar19,במדבר,19,"המילה ""חוקה"" פירושה גזירה מלפני ה'"
bamidbar19,במדבר,19,"""אדומה תמימה"" , פירושו : כולה אדומה ללא שערה אחת בצבע אחר"
bamidbar19,במדבר,19,הפרה האדומה צריכה להיות לפחות עם פצע אחד
bamidbar19,במדבר,19,הפרה האדומה חייבים לחרוש איתה
bamidbar19,במדבר,19,כדי לשחוט את הפרה האדומה יש להוציאה מחוץ לכל המחנות
bamidbar19,במדבר,19,את הפרה חייבים לשרוף
bamidbar19,במדבר,19,"לתוך הפרה השרופה צריך לזרוק: עץ ארז, אזוב ותולעת שני"
bamidbar19,במדבר,19,הכהנים שמטפלים בהכנת הפרה לא צריכים לטבול יותר לטהרתם
bamidbar19,במדבר,19,את אפר הפרה אוסף איש טהור
bamidbar19,במדבר,19,"האיש הטהור שאסף את האפר, נטמא עד הערב"
bamidbar19,במדבר,19,אפר הפרה נשמר לצורך עשיית מי חטאת
bamidbar19,במדבר,19,"""מי חטאת"" הכוונה: כל מי שחטא מתיזים עליו מים שמעורבים באפר הפרה"
bamidbar19,במדבר,19,"אדם שנגע במת נעשה טמא לשבעה ימים, אסור לו להיכנס למחנה שכינה"
bamidbar19,במדבר,19,"טמא מת ביום השביעי לטומאתו מזים עליו ""מי חטאת"""
bamidbar19,במדבר,19,אם נפטר מישהו בבית כל מי ומה שנמצא בבית נעשה טמא
bamidbar19,במדבר,19,"אם יש כלי חרס מכוסה ונעול היטב בחדר בו מת אדם, תוכן הכלי לא נטמא"
bamidbar19,במדבר,19,אדם הנוגע במת בשטח פתוח לא נטמא
bamidbar19,במדבר,19,"כדי לטהר אנשים וכלים שנטמאו בטומאת מת, לוקחים אזוב טובלים אותו במי חטאת ומתיזים על האדם או הכלים הטמאים. עושים זאת ביום השלישי וביום השביעי לטומאתם"
bamidbar19,במדבר,19,מי שמזה את מי החטאת על הטמאים אפילו בגדיו נטמאים
bamidbar20,במדבר,20,ארוע ראשון שמציינת התורה בשנה ה – 40 הוא מות מרים
bamidbar20,במדבר,20,"מיתת צדיקים מכפרת, כמו קרבנות (פרה אדומה), לכן, צמודים פרה אדומה ומות מרים"
bamidbar20,במדבר,20,"הארוע השני שמציינת התורה בשנה ה – 40, הוא המחסור במים מיד לאחר מות מרים, מכאן שכל 40 שנות המדבר באר המים היתה בזכות מרים"
bamidbar20,במדבר,20,העם אינו מתלונן על המחסור במים
bamidbar20,במדבר,20,"משה ואהרן מגיעים לפתח אוהל מועד , נופלים על פניהם , ואז ניגלה כבוד ה'"
bamidbar20,במדבר,20,ה' מצוה את משה: א. לקחת את המטה. ב. להקהיל את העדה. ג. לדבר אל הסלע
bamidbar20,במדבר,20,"""שמעו נא המורים"" , משה קורא לכל אלה שלימדו את ישראל"
bamidbar20,במדבר,20,"משה מכה בסלע במקום לדבר אליו, אחרי שהיכה פעמיים יצאו מים"
bamidbar20,במדבר,20,"ההכאה בסלע במקום לדבר אליו, הסיבה היחידה שמשה ואהרן לא נכנסו לארץ"
bamidbar20,במדבר,20,שמו של ה' היה מתקדש אם הסלע היה נותן מים אחרי שהיו מדברים אליו בשם ה'
bamidbar20,במדבר,20,"""מי מריבה"" כך נקרא המקום כי המים היו סמיכים כמו ריבה"
bamidbar20,במדבר,20,כשה' עושה דין עם המקודשים ביותר (כמו משה ואהרן) הוא מתקדש
bamidbar20,במדבר,20,משה מבקש ממלך אדום רשות מעבר בארצו 
bamidbar20,במדבר,20,משה מבטיח למלך אדום שבזמן שיעברו בארצו יקנו ממנו אוכל ומים אע'פ שיש להם באר לשתות ומן לאכול
bamidbar20,במדבר,20,מלך אדום מסכים שישראל יעברו דרך ארצו
bamidbar20,במדבר,20,מות אהרן היה בהור ההר
bamidbar20,במדבר,20,"המקום נקרא ""הור ההר"" , בגלל שהיה בהר חור"
bamidbar20,במדבר,20,ה' מצוה את משה שלהור ההר יעלה גם אלעזר בן אהרן
bamidbar20,במדבר,20,"הסיבה שגם אלעזר יעלה, כדי שאהרן יראה לפני מותו שבנו לובש את בגדי הכוהן הגדול , במקומו"
bamidbar20,במדבר,20,"כתוב שכל עם ישראל בכו על מות אהרן , כי היה אהרן רודף שלום, כלומר משלים בין אנשים שרבים ובין איש לאשתו"
bamidbar21,במדבר,21,עם ראשון מארץ ישראל שתקף את ישראל היה הכנעני מערד
bamidbar21,במדבר,21,"מקום הנצחון על הכנעני מלך ערד נקרא : ""הצלחה"""
bamidbar21,במדבר,21,""" וַתִּקְצַר נֶפֶשׁ הָעָם בַּדָּרֶךְ"" ולכן דיברו נגד ה' ומשה"
bamidbar21,במדבר,21,"ה' כעס ושלח נחשים שנשכו בעם, עם רב מת"
bamidbar21,במדבר,21,"העם מתנצל: "" חָטָאנוּ כִּי דִבַּרְנוּ בַידֹוָד וָבָךְ"""
bamidbar21,במדבר,21,משה מסרב להתפלל בעד העם
bamidbar21,במדבר,21,"משה על פי הוראת ה', עושה נחש מנחושת ושם אותו על מוט ארוך"
bamidbar21,במדבר,21,"כל מי שננשך, והביט אל נחש הנחושת היה רואה את השמיים ומשעבד לבו לה', היה מתרפא מנשיכת הנחש"
bamidbar21,במדבר,21,"עם ישראל נע בדרך ארוכה מאוד: מאובות, לנחל זרד ומשם לנחל הארנון"
bamidbar21,במדבר,21,הארנון היה הגבול בין מואב לעוג מלך הבשן
bamidbar21,במדבר,21,"פירוש הפסוק: "" עַל כֵּן יֵאָמַר בְּסֵפֶר מִלְחֲמֹת יְדֹוָד אֶת וָהֵב בְּסוּפָה וְאֶת הַנְּחָלִים אַרְנוֹן"" כמו שמספרים את הניסים שנעשו לאבותינו במצרים ובים סוף כך יספרו על הניסים שהיו לאבותינו בארנון"
bamidbar21,במדבר,21,"""אשר נטה לשבת ער"" פירוש, במצוקים מעל הארנון הסתתרו האמורי כמארב לישראל, וכשישראל עברו התקרבו המצוקים משני הצדדים ומחצו את האמורי האורבים"
bamidbar21,במדבר,21,"""ומבמות הגיא אשר בשדה מואב ראש הפיסגה"" הכוונה למקום בו מת משה"
bamidbar21,במדבר,21,משה שולח שליחים אל סיחון מלך הבשן
bamidbar21,במדבר,21,משה מבקש מסיחון שיאפשר לישראל לחצות בדרכים ראשיות בלי לגעת בכלום
bamidbar21,במדבר,21,בתגובה לבקשת משה סיחון מסכים למעבר בני ישראל
bamidbar21,במדבר,21,ישראל נלחמים בסיחון ועמו וכובשים מהארנון עד היבוק
bamidbar21,במדבר,21,"כך אומרים מושלי המשלים: "" בֹּאוּ חֶשְׁבּוֹן תִּבָּנֶה וְתִכּוֹנֵן עִיר סִיחוֹן"""
bamidbar21,במדבר,21,משה שולח מרגלים ליעזר והמרגלים כובשים אותה
bamidbar21,במדבר,21,"מלחמה שלישית בפרק זה היתה נגד עוג ועמו, התוצאה כיבוש כל ארצו והשמדת עמו"
bamidbar22,במדבר,22,"עם ישראל עקף את ארץ מואב בדרכו צפונה. כי נאסר עליו לצור על מואב, שהוא מבני לוט"
bamidbar22,במדבר,22,"בלק מלך מואב ראה: "" אֵת כָּל אֲשֶׁר עָשָׂה יִשְׂרָאֵל לָאֱמֹרִי"", כלומר, לסיחון ולעוג, וזה מה שגרם לו לפחוד"
bamidbar22,במדבר,22,הפחד מישראל הביא לשלום בין האויבים: מדין ומואב
bamidbar22,במדבר,22,פתורה = הבה לנו פתרון
bamidbar22,במדבר,22,"בלק מבקש מבלעם: "" וְעַתָּה לְכָה נָּא אָרָה לִּי אֶת הָעָם הַזֶּה"""
bamidbar22,במדבר,22,"בלעם אהב את ישראל ולכן , לא שמח לקללם"
bamidbar22,במדבר,22,"זקני מדין מציעים לזקני מואב: "" לִינוּ פֹה הַלַּיְלָה וַהֲשִׁבֹתִי אֶתְכֶם דָּבָר"""
bamidbar22,במדבר,22,"ה' שואל את בלעם: "" מִי הָאֲנָשִׁים הָאֵלֶּה עִמָּךְ:"""
bamidbar22,במדבר,22,"במשפט הבא שאומר בלעם לה': "" עַתָּה לְכָה קָבָה לִּי אֹתוֹ אוּלַי אוּכַל לְהִלָּחֶם בּוֹ וְגֵרַשְׁתִּיו"":, הוא מראה ששנא את ישראל פחות מבלק"
bamidbar22,במדבר,22,"ה' אוסר על בלעם ללכת לקלל את ישראל , ואילו בלעם אומר לשרים: ""כי מאן ה' לתתי להלוך עמכם"", כלומר, הנכם שרים מדרג נמוך ואין זה נאה שאלך עמכם"
bamidbar22,במדבר,22,"למשלחת השנייה ששולח בלק, אומר בלעם: "" אִם יִתֶּן לִי בָלָק מְלֹא בֵיתוֹ כֶּסֶף וְזָהָב לֹא אוּכַל לַעֲבֹר אֶת פִּי יְדֹוָד"" , לומדים מכאן שבלעם שנא כסף"
bamidbar22,במדבר,22,"ה' מרשה לבלעם ללכת, בתנאי, שיאמר רק מה שה' ישים בפיו"
bamidbar22,במדבר,22,"מרוב שמחה , על שהותר לו ללכת, חבש בלעם את אתונו בעצמו"
bamidbar22,במדבר,22,"מלאך ה' היה מלאך של רחמים, שלא רצהשבלעם ילך לקראת אובדנו"
bamidbar22,במדבר,22,מלאך ה' ניצב בדרכו של בלעם שלוש פעמים
bamidbar22,במדבר,22,בפעם הראשונה שראתה האתון את המלאך היא סטתה מהדרך
bamidbar22,במדבר,22,"בפעם השלישית שראתה האתון את המלאך,  רבצה תחתיה"
bamidbar22,במדבר,22,"""בדרך שאדם רוצה לילך בה מוליכין אותו"", לכן, הסכים המלאך שבלעם ימשיך בדרכו, שיוביל לאובדנו"
bamidbar22,במדבר,22,בלק יצא לקראת בלעם עד לגבול הצפוני של ממלכתו באזור הארנון
bamidbar22,במדבר,22,""" וַיֵּלֶךְ בִּלְעָם עִם בָּלָק וַיָּבֹאוּ קִרְיַת חֻצוֹת"", הסיבה כדי שבלעם יספיק להתקלח"
bamidbar23,במדבר,23,"בנסיון ראשון של בלעם לקלל, הוא אומר לבלק לבנות  7 מזבחות"
bamidbar23,במדבר,23,"""וילך שפי"" פירושו: יחידי"
bamidbar23,במדבר,23,"""ויקר"" פירושו ה' פגש את בלעם בכבוד גדול"
bamidbar23,במדבר,23,""" לְכָה אָרָה לִּי יַעֲקֹב וּלְכָה זֹעֲמָה יִשְׂרָאֵל"": בלק ביקש שיקלל את ישראל בשני שמותם."
bamidbar23,במדבר,23,""" מָה אֶקֹּב לֹא קַבֹּה אֵל וּמָה אֶזְעֹם לֹא זָעַם ה’"": ה' לא מקלל את ישראל."
bamidbar23,במדבר,23,"במשפט הבא מתכוין בלעם לאבות ראשוני האומה: ""כִּי מֵרֹאשׁ צֻרִים אֶרְאֶנּוּ וּמִגְּבָעוֹת אֲשׁוּרֶנּו"""
bamidbar23,במדבר,23,""" הֶן עָם לְבָדָד יִשְׁכֹּן וּבַגּוֹיִם לֹא יִתְחַשָּׁב"", פירושו : ישראל קיימים תמיד, לא כמו עמים אחרים שנעלמים."
bamidbar23,במדבר,23,בלעם מאחל לעצמו סוף שונה מסופו של עם ישראל
bamidbar23,במדבר,23,בלק כועס על בלעם בגלל הברכות
bamidbar23,במדבר,23,"בלעם עונה לבלק: "" הֲלֹא אֵת אֲשֶׁר יָשִׂים ה’ בְּפִי אֹתוֹ אֶשְׁמֹר לְדַבֵּר"""
bamidbar23,במדבר,23,"""וקבנו לי"" מצווה בלק על בלעם: קלל אותם בשבילי"
bamidbar23,במדבר,23,שדה צופים הוא המקום ממנו רואים את כל מחנה ישראל
bamidbar23,במדבר,23,שדה צופים הוא המקום שלקח בלק את בלעם לקראת הברכה השנייה
bamidbar23,במדבר,23,""" וְאָנֹכִי אִקָּרֶה כֹּה"" אומר בלעם לבלק, וכוונתו אולי יאמר לי ה' משהו"
bamidbar23,במדבר,23,בלעם בדבריו מבהיר: ה' בירך את ישראל ואני לא יכול לשנות זאת
bamidbar23,במדבר,23,""" ה’ אֱלֹהָיו עִמּוֹ וּתְרוּעַת מֶלֶךְ בּוֹ"", גם כשישראל חוטאים ה' נמצא בתוכם"
bamidbar23,במדבר,23,""" כִּי לֹא נַחַשׁ בְּיַעֲקֹב וְלֹא קֶסֶם בְּיִשְׂרָאֵל"", אין בישראל קוסמים ומנחשים"
bamidbar23,במדבר,23,"בדבריו הבאים מתאר בלעם את חריצותם למען המצוות משעות הבוקר: "" הֶן עָם כְּלָבִיא יָקוּם וְכַאֲרִי יִתְנַשָּׂא"""
bamidbar23,במדבר,23,"בלק כועס על הברכה השנייה ואומר , אם לא קללת, לפחות לא היית מברך אותם"
bamidbar23,במדבר,23,"בלק עונה לבלעם: "" כֹּל אֲשֶׁר יְדַבֵּר ה’ אֹתוֹ אֶעֱשֶׂה"":
 "
bamidbar27,במדבר,27,בנות צלפחד ביקשו ממשה להישאר בעבר הירדן
bamidbar27,במדבר,27,"מה שגרם לבנות נלפחד לבקש, הסיבה: היו לצלפחד בנים רבים מידי"
bamidbar27,במדבר,27,בדברי ה' למשה שני חלקים. א. הוא נענה לבקשת הבנות. ב. ה' נותן דירוג ליורשים
bamidbar27,במדבר,27,בפרק לו מציגים בני מנשה בעייה
bamidbar27,במדבר,27,ה' מציע פתרון לבעייה שהעלו בני מנשה
bamidbar27,במדבר,27,בנות צלופחד מסרבות לפתרון שהוצע להם בפרק לו
bamidbar27,במדבר,27,בספר יהושע (פרק י'ז) מסופר על הנחלות שקיבלו בנות צלופחד
bamidbar27,במדבר,27,בנות צלופחד התחתנו עם בני דודיהן משבט זבולון 
bamidbar27,במדבר,27,"שמות הבנות: מחלה, תרצה, חגלה, מילכה ונועה"
bamidbar27,במדבר,27,רש'י מציין שבהיענות ה' לבקשת בנות צלפחד: 'אשרי אדם שה' מודה לדבריו'.
bamidbar27,במדבר,27,"ה' מורה למשה לעלות אל הר העברים, לראות את הארץ."
bamidbar27,במדבר,27,"הסיבה שה' מזכיר כאן את חטאו של משה במי מריבה, כדי להדגיש שזה היה החטא היחיד"
bamidbar27,במדבר,27,משה מבקש שה' ימנה מישהו אחר במקומו
bamidbar27,במדבר,27,"תפקידו של המנהיג , לדעת משה, הינו ללכת מאחורי הלוחמים"
bamidbar27,במדבר,27,גם במלחמה מול עוג הלך משה מאחור
bamidbar27,במדבר,27,ה' מצווה את משה לקחת את יהושע כמנהיג
bamidbar27,במדבר,27,הפירוש של 'ונתת מהודך עליו = העבר  לו מקרינת עור פניך
bamidbar27,במדבר,27,היציאה למלחמה של יהושע תהיה על – פי אלעזר הכהן הגדול
bamidbar27,במדבר,27,ה' אמר למשה לסמוך את יהושע ביד אחת ומשה סמכו בשתי ידיים
bamidbar27,במדבר,27,יהושע מוסמך למנהיגות על ישראל ע'י משה
bamidbar30,במדבר,30,משה לימד הלכות נדרים את בעלי המקלות קודם
bamidbar30,במדבר,30,אדם חיב לידור נדרים
bamidbar30,במדבר,30,חז'ל למדו שהפרת נדרים במומחה אחד או בשלושה שאינם מומחים
bamidbar30,במדבר,30,"נדר, הוא שבועה שלא אעשה משהו (למשל , שלא אוכל מאכל מסויים)"
bamidbar30,במדבר,30,"""לא יחל דברו"" כוונת הדברים , לא יחלל את דברו"
bamidbar30,במדבר,30,"הנודר, חייב!! לממש את נידרו"
bamidbar30,במדבר,30,"""וְאִשָּׁה כִּי תִדֹּר נֶדֶר לַידֹוָד וְאָסְרָה אִסָּר בְּבֵית אָבִיהָ בִּנְעֻרֶיה"" , מדובר בנערה שנמצאת עדיין ברשות אביה"
bamidbar30,במדבר,30,קטנה אינה יכולה לנדור כלל.
bamidbar30,במדבר,30,""" וְהֶחֱרִישׁ לָהּ אָבִיהָ"", כלומר אביה שמע אותה נודרת ולא הגיב , נידרה מתקיים והיא חייבת בו."
bamidbar30,במדבר,30,""" וְאִם הֵנִיא אָבִיהָ אֹתָהּ בְּיוֹם שָׁמְעוֹ"", כוונת הדברים, גם אם האב מיפר לה את נידרה ביום ששמע עליו, הנדר מתקיים"
bamidbar30,במדבר,30,""" וְאִם הָיוֹ תִהְיֶה לְאִישׁ וּנְדָרֶיהָ עָלֶיהָ"" , מדובר בנערה מאורסה שאיננה נשואה עדיין"
bamidbar30,במדבר,30,"נערה מאורסה, פירושו נערה שבעלה המיועדת אירס אותה, אך עדיין לא עברה לגור איתו, והיא נמצאת בבית הוריה עד לנישואין"
bamidbar30,במדבר,30," נערה מאורסה, הפרת נידרה תלויה באב ובבעל"
bamidbar30,במדבר,30,"נדר אישה ניתן להפרה, רק ביום ששנא האב או הבעל"
bamidbar30,במדבר,30,""" כֹּל אֲשֶׁר אָסְרָה עַל נַפְשָׁהּ יָקוּם עָלֶיהָ"", מדובר באישה ברשות עצמה (אלמנה או גרושה)"
bamidbar30,במדבר,30,"אישה נשואה שנדרה , יכול הבעל להפר ביום שמעו על הנדר."
bamidbar30,במדבר,30,"אישה נשואה שנדרה, יכול האב להפר ביום שמעו על הנדר"
bamidbar30,במדבר,30,"ניתן להפר נדרי אישה רק כשהינם בהגדרה של ""עינוי נפש"""
bamidbar30,במדבר,30,""" וְאִם הָפֵר יָפֵר אֹתָם אַחֲרֵי שָׁמְעוֹ"", משמעותו: הבעל הסכים לנדר ומאוחר באותו היום הוא התחרט ואסר על אשתו לקיים את הנדר, חטאה יחול על הבעל"
bamidbar30,במדבר,30,"""ונשא את עוונה"", לומדים מכאן שהגורם תקלה לחברו, הוא נענש במקום חברו"
bamidbar31,במדבר,31,הנקמה במדין כי הם התערבו בריב שלא היה שייך אליהם
bamidbar31,במדבר,31,זוהי הפעולה האחרונה שעליה מופקד משה
bamidbar31,במדבר,31,למלחמה במדין יצאו 10 אלפים לוחמים
bamidbar31,במדבר,31,"בפסוק ג' נכתב : ""נקמת ה'"" כי הנלחם בישראל נלחם בה'"
bamidbar31,במדבר,31,בראש הלוחמים היה פנחס
bamidbar31,במדבר,31,"הכוונה ב""כלי הקודש"" שבפסוק ו': הארון והציץ"
bamidbar31,במדבר,31,ששה מלכים היו למדין שנהרגו בקרב עם ישראל
bamidbar31,במדבר,31,בלעם בן בעור נהרג גם הוא בקרב זה
bamidbar31,במדבר,31,שלל = תכשיטים ומלבושים. בז = מטלטלין שאינם תכשיטים . מלקוח = אדם ובהמה
bamidbar31,במדבר,31,את כל ערי מדין העלו באש
bamidbar31,במדבר,31,משה כעס על קציני החייל בגלל השלל האנושי של נשים שהירשו לקחת
bamidbar31,במדבר,31,הלוחמים היו טמאי מתים ולכן המתינו מחוץ למחנה שכינה  7 ימים
bamidbar31,במדבר,31,"הסיבה שאלעזר הכהן מדבר ולא משה, כי משה התרגז, ורוגז מביא לידי טעויות"
bamidbar31,במדבר,31,אלעזר מסביר להם את עקרונות גיעולי כלים טמאים
bamidbar31,במדבר,31,"העקרון החשוב ביותר לעניני טיהור כלים, כל כלי נטהר כדרך שימושו. למשל שיפודים יש להעביר וללבן באש..."
bamidbar31,במדבר,31,"כל כלי שהיה שייך לנכרי (לגוי) , יש גם לטבול"
bamidbar31,במדבר,31,את כל השלל ממלחמת מדין חילקו לשלושה חלקים
bamidbar31,במדבר,31,הלוחמים הפרישו מחלקם בשלל תרומה לה' אחד מ חמש מאות
bamidbar31,במדבר,31,במלחמה מול מדיין לא נחסר אפילו אחד מישראל
bamidbar31,במדבר,31,כאות תודה על הנצחון במדיין צמו קציני הצבא שלושה ימים
bamidbar32,במדבר,32,בני ראובן וגד פחדו להילחם ולכן ביקשו נחלה בעבר הירדן
bamidbar32,במדבר,32,"זוהי בקשתם: ""אִם מָצָאנוּ חֵן בְּעֵינֶיךָ יֻתַּן אֶת הָאָרֶץ הַזֹּאת לַעֲבָדֶיךָ לַאֲחֻזָּה"""
bamidbar32,במדבר,32,"משה כועס ואומר להם: "" הַאַחֵיכֶם יָבֹאוּ לַמִּלְחָמָה וְאַתֶּם תֵּשְׁבוּ פֹה"""
bamidbar32,במדבר,32,"משה מזכיר בדבריו ל 2 השבטים, את חטא המרגלים"
bamidbar32,במדבר,32,"חטא המרגלים היה: "" וַיָּנִיאוּ אֶת לֵב בְּנֵי יִשְׂרָאֵל לְבִלְתִּי בֹא אֶל הָאָרֶץ אֲשֶׁר נָתַן לָהֶם ה’"""
bamidbar32,במדבר,32,"העונש על חטא המרגלים היה, כל מי שהיה בן  25 ומעלה לא יראה את הארץ"
bamidbar32,במדבר,32,"רק שני אנשים נשארו מהמרגלים, כלב ויהושע, כי האמינו בה'"
bamidbar32,במדבר,32,"משה מזהיר את שני השבטים שבבקשתם יגרמו: "" לִסְפּוֹת עוֹד עַל חֲרוֹן אַף ה’ אֶל יִשְׂרָאֵל"". ושוב יהיה עונש על ישראל"
bamidbar32,במדבר,32,"שני השבטים מציעים בבקשתם השנייה, לבנות גדרות לצאן וערים לילדיהם"
bamidbar32,במדבר,32,"שני השבטים מציעים בבקשתם השנייה, להיות חיל חלוץ בכיבוש הארץ"
bamidbar32,במדבר,32,"משה בתשובתו, מציע ששני השבטים יישארו רק לכיבוש של הימים הראשונים בארץ"
bamidbar32,במדבר,32,משה בתשובתו לשני השבטים  משנה את סדר העדיפויות  ומקדים את הבנייה לילדיהם ורק אח'כ את גדרות הצאן
bamidbar32,במדבר,32,שני השבטים אינם מסכימים לתנאיו של משה
bamidbar32,במדבר,32,שני השבטים מסכימים להשאיר בגלעד את כל השייך להם
bamidbar32,במדבר,32,יהושע וכלב הם הממונים על קיום התנאי ע'י שני השבטים
bamidbar32,במדבר,32,"משה אומר לממונים על הביצוע של שני השבטים שהתנאי הוא, ששני השבטים יהוו חיל חלוץ במלחמות הכיבוש של ארץ כנען, רק כך ירשו נחלה בעבר הירדן המזרחי"
bamidbar32,במדבר,32,"בספר יהושע פרק כב מסופר ששניים וחצי השבטים, בדרכם חזרה מכיבוש הארץ, נחשדו ברצון להיתנתק מעם ישראל ע'י בניית מזבח"
bamidbar32,במדבר,32,"שבט מנשה לא הוזכר עד עכשיו, רק כשמזכירה התורה את נחלות השבטים בעבר הירדן המזרחי היא מציינת גם את חצי שבט מנשה "
bamidbar32,במדבר,32,שניים וחצי השבטים קיבלו נחלתם מהשטחים שנכבשו ממואב ואדום
bamidbar32,במדבר,32,יאיר ונובח שינו שמות ערים שהם לכדו וקראו אותם על שמם
bamidbar35,במדבר,35,ה' מצווה את משה לתת ללוויים 48 ערים ברחבי ארץ ישראל
bamidbar35,במדבר,35,בתוך ערי הלויים כלולות גם 6  ערי המקלט
bamidbar35,במדבר,35,"בפרקנו מופיע הצו בעניין הערים , בספר שופטים מסופר על הביצוע של חלוקת ערים אלה"
bamidbar35,במדבר,35,"ערי המקלט נקראות גם ""ערי מועדה"""
bamidbar35,במדבר,35,בפרקנו יש צו לעשות 5 ערי מקלט
bamidbar35,במדבר,35,3 ערי מקלט בעבר הירדן המערבי ו שתי ערי מקלט בעבר הירדן המזרחי
bamidbar35,במדבר,35,מטרת עיר המקלט להציל רוצח בשגגה מגואל הדם (קרוב של הנרצח)
bamidbar35,במדבר,35,"רצח במזיד נמדד על – פי כלי הרצח, אם יש בו כדי להמית (למשל גודל האבן – שהשתמש בה הרוצח)"
bamidbar35,במדבר,35,"""אשר ימות בו"" כוונתו , שיש בו כדי להמית"
bamidbar35,במדבר,35,"מותר לגואל הדם לרדוף ולפגוע ברוצח במזיד , בכל מקום ואפילו בעיר מקלט"
bamidbar35,במדבר,35,בצדייה = במארב
bamidbar35,במדבר,35,"""ואם בפתע בלא איבה הדפו"" = פגע בו בלי כוונה"
bamidbar35,במדבר,35,"אסור לרוצח בשגגה לעזוב את עיר המקלט, אלא עם מות הכהן הגדול"
bamidbar35,במדבר,35,"אם הרוצח בשגגה יצא במקרה מחוץ לעיר המקלט, אסור לגואל הדם לפגוע בו"
bamidbar35,במדבר,35,אדם שהרג במזיד יכול לשלם כופר במקום עונש מוות
bamidbar35,במדבר,35,אדם שהרג בשגגה יכול לשלם כופר ולצאת מעיר המקלט
bamidbar35,במדבר,35,בספר יהושע פרק כ' מסופר על הקדשת ערי המרלט
bamidbar35,במדבר,35,גם בספר יהושע נקבע שרוצח בשגגה יושב בעיר המקלט עד מות הכהן הגדול
bamidbar35,במדבר,35,"בספר יהושע מופיעים שמות ערי המקלט בעבר הירדן המזרחי: חברון, שכם וקדש"
bamidbar35,במדבר,35,"בספר יהושע מופיעים שמות ערי המקלט בעבר הירדן המזרחי: בצר, רמות וגולן"
bereshit33,בראשית,בראשית פרק לג,"כשיעקב ראה את עשו, הוא פיצל  את משפחתו לשני חלקים"
bereshit33,בראשית,בראשית פרק לג,סדר המשפחה לקראת הפגישה: קודם בלהה וזילפה עם ילדיהן בסוף רחל ויוסף
bereshit33,בראשית,בראשית פרק לג,יעקב השתחווה 8 פעמים לעשו
bereshit33,בראשית,בראשית פרק לג,"בפגישה בין יעקב לעשו לא היו גילויי אהבה,  לא התחבקו , לא התנשקו לא בכו"
bereshit33,בראשית,בראשית פרק לג,""" מִי אֵלֶּה לָּךְ?"" שואל יעקב את עשו"
bereshit33,בראשית,בראשית פרק לג,""" הַיְלָדִים אֲשֶׁר חָנַן אֱלֹהִים אֶת עַבְדֶּך"""ָ: אומר יעקב לעשו
"
bereshit33,בראשית,בראשית פרק לג,"בפגישה עם עשו, רק אצל רחל, ניגש בנה יוסף ראשון"
bereshit33,בראשית,בראשית פרק לג,""" מִי לְךָ כָּל הַמַּחֲנֶה הַזֶּה אֲשֶׁר פָּגָשְׁתִּי?"" שואל עשו את יעקב"
bereshit33,בראשית,בראשית פרק לג,""" יְהִי לְךָ אֲשֶׁר לָךְ"", אומר עשו ליעקב"
bereshit33,בראשית,בראשית פרק לג,יעקב לא הצליח לשכנע את עשו שיקח את מתנותיו
bereshit33,בראשית,בראשית פרק לג,""" נִסְעָה וְנֵלֵכָה וְאֵלְכָה לְנֶגְדֶּךָ"" אומר יעקב לעשו"
bereshit33,בראשית,בראשית פרק לג,"לדעת רמב'ן הדגיש יעקב ""ומתו כל הצאן"", כדי להדגיש שלא עולה בדעתו שהילדים ייפגעו מההליכה המאומצת"
bereshit33,בראשית,בראשית פרק לג,"""הילדים רכים"" , ולכן , יש אפשרות לפי רמב'ן שהילדים לא ירצו ללכת"
bereshit33,בראשית,בראשית פרק לג,"לדעת רמב'ן היתה עצת עשו , שילכו יחד עד שיגיעו ליצחק אביהם"
bereshit33,בראשית,בראשית פרק לג,רמב'ן מביא את 'רבותינו' הסוברים שיעקב מאוד רצה להישאר עם עשו
bereshit33,בראשית,בראשית פרק לג,""" עַד אֲשֶׁר אָבֹא אֶל אֲדֹנִי שֵׂעִירָה"", לדעת רמב'ן אין זאת הבטחה אלא כך מרחיק  יעקב את עצמו מעשו"
bereshit33,בראשית,בראשית פרק לג,לדעת רמב'ן: יעקב רצה מאוד שעשו ישאר איתו
bereshit33,בראשית,בראשית פרק לג,ר' ינאי המובא בפירושו של רמב'ן לפסוק טו מלמד שמעשהו של יעקב עם עשו הוא עצה לדורות: שאין לסמוך על גויים גם כשנראים תומכים בישראל
bereshit33,בראשית,בראשית פרק לג,"העיר סוכות נמצאת בעבר הירדן המזרחי,. היא מוזכרת לא לטובה בימי גדעון."
bereshit33,בראשית,בראשית פרק לג,"קניית השדה בשכם, לדעת רמב'ן , היתה שגיאה, ואין בה כל רמז לעתיד."
bereshit34,בראשית,34,דינה ניסתה למצוא חברות בשכם
bereshit34,בראשית,34,שכם לקח אותה ואנסה
bereshit34,בראשית,34,שכם התאהב בדינה
bereshit34,בראשית,34,תגובת יעקב כששמע אודות האונס – החריש עד ששבו בניו מעבודתם
bereshit34,בראשית,34,חמור היה בנו של שכם
bereshit34,בראשית,34,""" נְבָלָה עָשָׂה בְיִשְׂרָאֵל לִשְׁכַּב אֶת בַּת יַעֲקֹב וְכֵן לֹא יֵעָשֶׂה"": ולכן בני יעקב לא כעסו
"
bereshit34,בראשית,34,""" וְהִתְחַתְּנוּ אֹתָנוּ בְּנֹתֵיכֶם תִּתְּנוּ לָנוּ וְאֶת בְּנֹתֵינוּ תִּקְחוּ לָכֶם"", זוהי הצעת יעקב "
bereshit34,בראשית,34,""" הַרְבּוּ עָלַי מְאֹד מֹהַר וּמַתָּן וְאֶתְּנָה כַּאֲשֶׁר תֹּאמְרוּ אֵלָי"" שכם מוכן לקבל כל סכום שיעקב ובניו יתנו לו"
bereshit34,בראשית,34,בני יעקב הסבירו שבלי ברית מילה לא יהיה איחוד משפחות שכם ויעקב
bereshit34,בראשית,34,""" וְיֵשְׁבוּ בָאָרֶץ וְיִסְחֲרוּ אֹתָהּ וְהָאָרֶץ הִנֵּה רַחֲבַת יָדַיִם לִפְנֵיהֶם"" אומרים בני יעקב לאנשי שכם"
bereshit34,בראשית,34,"לדעת רמב'ן, למען כבוד אביהם לא רצו הבנים שיעקב יענה לשכם במקרה המבוזה הזה של אונס דינה"
bereshit34,בראשית,34,"הרמב'ן שואל, מדוע כעס יעקב על בניו בסוף המעשה, כי נראה שכל השיחה עם שכם וחמור היתה בהסכמתו ועל דעתו"
bereshit34,בראשית,34,"הרמב'ן לא מברר מדוע ארר יעקב רק את אפם של שמעון ולוי, בסוף ימיו"
bereshit34,בראשית,34,"לדעת רמב'ן יעקב והאחים סברו שיוכלו להוציא את דינה ללא שפיכות דמים, בעקבות מעשה ברית המילה"
bereshit34,בראשית,34,לדעת רמב'ן יעקב  לא העלה בדעתו ששמעון ולוי ירצחו את אנשי שכם
bereshit34,בראשית,34,"לא שואלים, לדעת רמב'ן , איך בני יעקב הצדיקים יעשו מעשה רצח כזה"
bereshit34,בראשית,34,"בני יעקב ניצלו את היום בו הכאב על מעשה ברית המילה הוא בשיאו, ותקפו ."
bereshit34,בראשית,34,שמעון ולוי הרגו בעיר שכם את כל התושבים : אנשים נשים וטף
bereshit34,בראשית,34,את דינה לא הצליחו לחלץ מבית שכם
bereshit34,בראשית,34,""" עֲכַרְתֶּם אֹתִי לְהַבְאִישֵׁנִי בְּיֹשֵׁב הָאָרֶץ בַּכְּנַעֲנִי וּבַפְּרִזִּי וַאֲנִי מְתֵי מִסְפָּר"", אומרים שמעון ולוי:"
bereshit35,בראשית,35,יעקב נאלץ לעזוב את שכם לאחר מעשה הנקמה של האחים
bereshit35,בראשית,35,יעקב מחליט מעצמו להגיע לבית אל
bereshit35,בראשית,35,"רש'י סבר: ""אלהי הנכר"" שהיו בידי בני המשפחה, משלל שכם"
bereshit35,בראשית,35,"לא רדפו אחרי יעקב וביתו, כי שמחו על חיסול שכם"
bereshit35,בראשית,35,יעקב שינה שם העיר בית אל ללוז 
bereshit35,בראשית,35,"על שינוי שמה של בית אל , אנחנו קוראים גם בספר שופטים פרק א'"
bereshit35,בראשית,35,המקום שנקרא אלון בכות בעקבות מותה של דבורה מינקת רבקה
bereshit35,בראשית,35,פעמיים התבשר יעקב על שינוי שמו לישראל
bereshit35,בראשית,35,שתי הבטחות נותן ה' ליעקב בהתגלות בפרקנו: זרע וארץ
bereshit35,בראשית,35,רחל מתה בשכם
bereshit35,בראשית,35,"""ותקש בלידתה"" פירושו: לידתה היתה קשה וכתוצאה מזה מתה"
bereshit35,בראשית,35,"גם על אשת פנחס כלת עלי, מסופר שמתה בשעת לידתה (שמואל א' פרק ד)"
bereshit35,בראשית,35,רחל נקברה במערת המכפלה
bereshit35,בראשית,35,יעקב לא הקים מצבה על מקום קבורת רחל
bereshit35,בראשית,35,"יעקב כועס על מעשה ראובן ואפילו לפני מותו הוא מזכיר לו את המעשה: ""...אז חללת יצועי..."""
bereshit35,בראשית,35,פגישת  יעקב עם אביו יצחק היתה בבאר שבע
bereshit35,בראשית,35,הפגישה בין יעקב לאביו יצחק היתה אחרי 22 שנות פרידה
bereshit35,בראשית,35,יצחק חי 5 שנים יותר מאביו אברהם
bereshit35,בראשית,35,"לדעת רש'י, יצחק מת לפני מכירת יוסף"
bereshit35,בראשית,35,לדעת רמב'ן יצחק מת אחרי מכירת יוסף
bereshit37,בראשית,37,המעשה ביוסף מתחיל כשהוא בן 17
bereshit37,בראשית,37,יוסף התחבר אל בני השפחות : גד אשר דן ונפתלי
bereshit37,בראשית,37,"הביטוי לאהבת יעקב את יוסף, היתה כתונת פסים"
bereshit37,בראשית,37,"האחים של יוסף לא היו צבועים, לכן, לא דיברו איתו"
bereshit37,בראשית,37,החלום הראשון של יוסף היה על השמש הירח ו 11 כוכבים שמשתחוים לו
bereshit37,בראשית,37,את החלום השני סיפר יוסף רק לאחיו
bereshit37,בראשית,37,חלומו של יוסף היה מושלם מבחינה נבואית
bereshit37,בראשית,37,"האחים יצאו עם העדרים , לשכם"
bereshit37,בראשית,37,יוסף חיפש את אחיו בחברון
bereshit37,בראשית,37,"יוסף מצא את אחיו בדותן , בעזרת ""איש"""
bereshit37,בראשית,37,"האחים כינו את יוסף: ""המפונק"""
bereshit37,בראשית,37,"היו שלוש הצעות מה לעשות עם יוסף: להרוג אותו, להשליך אותו לבור, למכור אותו"
bereshit37,בראשית,37,"ראובן הציע את ההצעה הראשונה , כי הוא לא היה יכול לראות יותר את יוסף"
bereshit37,בראשית,37,יהודה הציע את הצעת המכירה
bereshit37,בראשית,37,לראובן היתה כוונה להוציא את יוסף מהבור ולהחזירו הביתה לאביו
bereshit37,בראשית,37,האחים ראו אורחת ישמעאלים באה מהגלבוע
bereshit37,בראשית,37,סוחרים מדיינים היו הראשונים לקבל את יוסף
bereshit37,בראשית,37,"כתונת הפסים מלאת דם, היתה ההוכחה שיוסף נטרף"
bereshit37,בראשית,37,יעקב התאבל על מות יוסף הרבה זמן בלי לקבל נחמה
bereshit37,בראשית,37,במצרים קנה את יוסף שר המשקים
melahim1-1,מלכים א׳,1,הקטע הראשון בפרק מתאר את דוד כזקן וחולה
melahim1-1,מלכים א׳,1,אבישג היתה מהעיר שונם
melahim1-1,מלכים א׳,1,אבישג הובאה אל דוד כי ידעה לשיר יפה
melahim1-1,מלכים א׳,1,אדוניה החליט שהגיע  זמנו למלוך
melahim1-1,מלכים א׳,1,לפני מרכבת אדוניה היו רצים 100 איש
melahim1-1,מלכים א׳,1,דוד העיר לאדוניה על התנהגותו פעמים רבות
melahim1-1,מלכים א׳,1,"מצטרפים אל אדוניה: אביתר, יואב, בניהו בן יהוידע , נתן הנביא ושלמה"
melahim1-1,מלכים א׳,1,"את חגיגת ההמלכה עושים המורדים בעין רוגל, בהשתתפות בני המלך ( חוץ משלמה)"
melahim1-1,מלכים א׳,1,גיבורי דוד לא השתתפו בחגיגת אדוניה
melahim1-1,מלכים א׳,1,"נתן מייעץ לבת שבע (אם שלמה), ליידע את המלך במעשי אדוניה (שהינו מורד בדוד)"
melahim1-1,מלכים א׳,1,בת שבע מזכירה לדוד שהוא נשבע לה ששלמה ימלוך
melahim1-1,מלכים א׳,1,"נתן מגיע לסייע לבת שבע , הוא שואל את דוד אם המלכת אדוניה נעשתה על דעת דוד"
melahim1-1,מלכים א׳,1,דוד נשבע לבת שבע שיקיים את הבטחתו ושלמה יומלך על ישראל עוד באותו יום
melahim1-1,מלכים א׳,1,דוד נותן הוראה לבניהו בן יהוידע להמליך את שלמה
melahim1-1,מלכים א׳,1,"בניהו מגיב ב""אמן כן יאמר ה' אלוקי אדוני המלך...."""
melahim1-1,מלכים א׳,1,דוד נותן הוראה לאביתר למשוח את שלמה
melahim1-1,מלכים א׳,1,שלמה נמשח למלך בעין בידה
melahim1-1,מלכים א׳,1,"שלמה נמשח למלך ע'י צדוק הכהן, באמצעות שמן המשחה "
melahim1-1,מלכים א׳,1,"שלמה הורכב על הגמל המיוחד של דוד אביו, כאות להמלכתו"
melahim1-1,מלכים א׳,1,שמחת ההמלכה בירושלים נשמעה עד עין רוגל שם ישבו המורדים
melahim1-1,מלכים א׳,1,יונתן בן צדוק הכהן סיפר למורדים על המלכת שלמה
melahim1-1,מלכים א׳,1,"יונתן מצטט את דברי דוד: ""ברוך ה' אלוקי ישראל אשר נתן היום יושב על כסאי ועיני רואות"""
melahim1-1,מלכים א׳,1,אדוניה ברח ואחז בקרנות המזבח
melahim1-1,מלכים א׳,1,שלמה אינו מוחל לאדוניה
melahim1-1,מלכים א׳,1,המלך שלמה שולח אנשים המורידים את אדוניה מהמזבח ומביאים אותו אליו 
melahim1-10,מלכים א׳,10,מלכת שבא הגיעה כדי להתחתן עם שלמה
melahim1-10,מלכים א׳,10,מלכת שבא הגיעה עם הרבה מאוד גמלים שהביאו עמם בשמים וזהב...
melahim1-10,מלכים א׳,10,מלכת שבא ראתה את חכמתו הגדולה של שלמה
melahim1-10,מלכים א׳,10,מלכת שבא ראתה את הפאר שבארמון שלמה
melahim1-10,מלכים א׳,10,מלכת שבא אומרת לשלמה. שבארצה היא שמעה עד כמה הוא לא חכם
melahim1-10,מלכים א׳,10,מלכת שבא אומרת לשלמה שהיא לא האמינה לשמועות שהגיעו אליה עליו
melahim1-10,מלכים א׳,10,עכשיו מתברר מה שהגידו לה לא היה  אפילו חצי מהאמת על שלמה
melahim1-10,מלכים א׳,10,מלכת שבא מברכת את ה' שהושיב את שלמה על כסא ישראל
melahim1-10,מלכים א׳,10,"זה ששלמה יושב על כסא מלכות ישראל, אומר שה' לא אוהב את ישראל"
melahim1-10,מלכים א׳,10,"מלכת שבא נתנה לשלמה 120 ככר זהב, הרבה בשמים ואבנים יקרות"
melahim1-10,מלכים א׳,10,אניות חירם הביאו זהב מאופיר
melahim1-10,מלכים א׳,10,מעצי אלמגים עשה שלמה כלי מלחמה
melahim1-10,מלכים א׳,10,ההכנסה של שלמה בשנה אחת היתה 666 ככרי זהב
melahim1-10,מלכים א׳,10,שלמה עשה מהזהב מגינים מזהב
melahim1-10,מלכים א׳,10,שלמה עשה כסא מלכות גדול מצופה זהב
melahim1-10,מלכים א׳,10,היו 12 אריות עומדים על 6 מדרגות הכסא
melahim1-10,מלכים א׳,10,אניות שלמה וחירם היו עושות סבב של 3 שנים. היו מביאים בהם כסף זהב וחיות  כמו קופים ותוכים
melahim1-10,מלכים א׳,10,הרבה מאוד היו באים לשמוע את חכמת שלמה
melahim1-10,מלכים א׳,10,שלמה בנה ערי רכב מיוחדות כי היו לו 1400 רכב ו 20 אלף פרשים
melahim1-10,מלכים א׳,10,בימי שלמה הכסף היה מרובה וזול כמו האבנים
melahim1-11,מלכים א׳,11,שלמה אהב במיוחד את בנות ישראל
melahim1-11,מלכים א׳,11,הנשים הנוכריות לא היטו את ליבו של שלמה מעבודת ה'
melahim1-11,מלכים א׳,11,"ה' שמח על נאמנות שלמה אליו , כי ניגלה אליו פעמיים"
melahim1-11,מלכים א׳,11,ה' מבטיח כי לא יקרע את הממלכה בימי בנו של שלמה
melahim1-11,מלכים א׳,11,הדד (או אדד) האדומי היה אוהבו של יואב שר צבא דוד
melahim1-11,מלכים א׳,11,"הדד התחתן עם אחות פרעה, נולד לו בן בשם גנובת"
melahim1-11,מלכים א׳,11,שטן נוסף של שלמה היה רזון בן אלידע שהפך למלך על ארם
melahim1-11,מלכים א׳,11,בפרקנו מופיעים שלושה אנשים המוגדרים כ'שטן' לשלמה
melahim1-11,מלכים א׳,11,ירבעם בן נבט היה משבט אפרים
melahim1-11,מלכים א׳,11,שלמה מינה את ירבעם על כל שבט יוסף
melahim1-11,מלכים א׳,11,אחיה השילוני היה נביא
melahim1-11,מלכים א׳,11,אחיה נתן לירבעם בן נבט 12 קרעים משלמתו
melahim1-11,מלכים א׳,11,אחיה מודיע לירבעם שה' בחר בו להיות מלך על כל עם ישראל
melahim1-11,מלכים א׳,11,"הסיבה שאחיה מציין כעונש לבית דוד, על שלא הלכו בדרך ה'"
melahim1-11,מלכים א׳,11,לפי נבואת אחיה ה' משאיר לבית דוד שבט אחד ואת ירושלים
melahim1-11,מלכים א׳,11,ה' מבטיח לירבעם בית כמו בית דוד בתנאי שישמור את מצוות ה'
melahim1-11,מלכים א׳,11,שלמה לא רצה לפגוע בירבעם בן נבט
melahim1-11,מלכים א׳,11,ירבעם בן נבט ברח למצרים
melahim1-11,מלכים א׳,11,שלמה מלך 50 שנה על ישראל
melahim1-11,מלכים א׳,11,יורש העצר של שלמה היה רחבעם בנו
melahim1-12,מלכים א׳,12,מקום המלכת רחבעם בן שלמה היה בירושלים
melahim1-12,מלכים א׳,12,ירבעם בן נבט היה במצרים מפחד שלמה
melahim1-12,מלכים א׳,12,"כשירבעם שמע ששלמה מת והעם מתאסף בשכם, הוא חזר ממצרים והתייצב בראש קהל ישראל"
melahim1-12,מלכים א׳,12,העם מבקש מרחבעם בן שלמה שיקל מהעול שהטיל עליהם אביו
melahim1-12,מלכים א׳,12,רחבעם מבקש שהות של 4 ימים להתייעצויות על בקשת העם
melahim1-12,מלכים א׳,12,"יועצי שלמה מייעצים לרחבעם: ""..ועניתם ודברת אליהם דברים טובים והיו לך עבדים כל הימים""."
melahim1-12,מלכים א׳,12,"חבריו הצעירים של רחבעם המליצו שיענה לעם בצורה חריפה ואף יתרברב: ""קוטני עבה ממתני אבי..."""
melahim1-12,מלכים א׳,12,ביום הרביעי הגיעו ירבעם וישראל לשמוע את תשובת רחבעם בן שלמה
melahim1-12,מלכים א׳,12,"רחבעם עונה לבקשת העם: ""אבי יסר אתכם בשוטים ואני אייסר אתכם בעקרבים"""
melahim1-12,מלכים א׳,12,ה' הוא שסובב את הדברים שרחבעם בן שלמה יענה קשה לבקשת העם
melahim1-12,מלכים א׳,12,"קריאת המרד בבית דוד: ""מה לנו חלק בדוד ולא נחלה בבן ישי לאוהליך ישראל"""
melahim1-12,מלכים א׳,12,אדורם שר המיסים נרגם ע'י המורדים
melahim1-12,מלכים א׳,12,העם ממליך את ירבעם בן נבט על 10 משבטי ישראל
melahim1-12,מלכים א׳,12,רחבעם בן שלמה אסף 180 אלף לוחמים כדי להלחם במורדים
melahim1-12,מלכים א׳,12,"שני שבטים נשארו עם רחבעם, יהודה ובנימין"
melahim1-12,מלכים א׳,12,שמעיה איש האלוקים המליץ לפני רחבעם שיצא למלחמה נגד המורדים
melahim1-12,מלכים א׳,12,ירבעם בן נבט בונה את שכם וגם את פנואל
melahim1-12,מלכים א׳,12,ירבעם מאוד רצה שעם ישראל ימשיך לעלות לירושלים
melahim1-12,מלכים א׳,12,"ירבעם הקים שלושה עגלי זהב , אחד בדן אחד בבית אל ואחד בחיפה"
melahim1-12,מלכים א׳,12,ירבעם קבע חג בחודש חשוון במקום סוכות של תשרי
melahim1-2,מלכים א׳,2,"הדבר החשוב ביותר בצוואת דוד לשלמה: "" וְשָׁמַרְתָּ אֶת מִשְׁמֶרֶת ה' אֱלֹהֶיךָ לָלֶכֶת בִּדְרָכָיו לִשְׁמֹר חֻקֹּתָיו מִצְוֹתָיו וּמִשְׁפָּטָיו"""
melahim1-2,מלכים א׳,2,"הציווי של דוד לשלמה לפגוע ביואב  נבע מהדברים הבאים: "" אֲשֶׁר עָשָׂה לִשְׁנֵי שָׂרֵי צִבְאוֹת יִשְׂרָאֵל לְאַבְנֵר בֶּן נֵר וְלַעֲמָשָׂא בֶן יֶתֶר וַיַּהַרְגֵם וַיָּשֶׂם דְּמֵי מִלְחָמָה בְּשָׁלֹם"""
melahim1-2,מלכים א׳,2,"צוואת דוד לשלמה בקשר ליואב בן צרויה: "" וְלֹא תוֹרֵד שֵׂיבָתוֹ בְּשָׁלֹם שְׁאֹל"""
melahim1-2,מלכים א׳,2,"ההוראה של דוד לשלמה על בני ברזילי הגלעדי: "" וְהָיוּ בְּאֹכְלֵי שֻׁלְחָנֶךָ"""
melahim1-2,מלכים א׳,2,שמעי בן גרא היה משבט יהודה
melahim1-2,מלכים א׳,2,ברזילי הגלעדי  עזר לדוד במרד אבשלום
melahim1-2,מלכים א׳,2,שמעי בן גרא עזר לדוד במרד אבשלום
melahim1-2,מלכים א׳,2,דוד היה מלך במשך 50 שנה
melahim1-2,מלכים א׳,2,"אדניה מבקש מבת שבע אם שלמה שתדבר עם המלך שלמה, שיתן לו את אבישג השונמית  "
melahim1-2,מלכים א׳,2,"שלמה מכבד  אמו באמרו: "" שַׁאֲלִי אִמִּי כִּי לֹא אָשִׁיב אֶת פָּנָיִךְ"""
melahim1-2,מלכים א׳,2,"כששלמה שומע את בקשת אדניה הוא ממש שמח: "" כִּי בְנַפְשׁוֹ דִּבֶּר אֲדֹנִיָּהוּ אֶת הַדָּבָר הַזֶּה"""
melahim1-2,מלכים א׳,2,את אביתר הכהן מינה שלמה לכהן גדול
melahim1-2,מלכים א׳,2,יואב עזר  לדוד במרד אבשלום
melahim1-2,מלכים א׳,2,יואב עזר לשלמה במרד אדוניה
melahim1-2,מלכים א׳,2,"יואב שמע שהוא בסכנה ולכן: "" וַיָּנָס יוֹאָב אֶל אֹהֶל ה' וַיַּחֲזֵק בְּקַרְנוֹת הַמִּזְבֵּחַ: "
melahim1-2,מלכים א׳,2,בניהו בן יהוידע הרג את יואב כשהחזיק בקרנות המזבח
melahim1-2,מלכים א׳,2,בניהו בן יהוידע לא השתתף במרד אדוניה. הוא התמנה לשר צבא על ידי שלמה
melahim1-2,מלכים א׳,2,"שמעי בן גרא מסכים להצעת שלמה, שיבנה בית בירושלים שלא יצא מהעיר ירושלים, אם יצא יומת"
melahim1-2,מלכים א׳,2,שמעי עזב את העיר אחרי 5 שנים בגלל שלושה עבדים שברחו לו מצרימה
melahim1-2,מלכים א׳,2,שלמה מזכיר לשמעי את כל הרעה שעשה לדוד אביו ופוקד להוציאו להורג
melahim1-8,מלכים א׳,8,לחנוכת המקדש נאספו רק מפקדי הצבא
melahim1-8,מלכים א׳,8,בהעלאת הארון והמשכן למקדש הקריבו הרבה מאוד קרבנות
melahim1-8,מלכים א׳,8,בתוך הארון היו הרבה מאד ספרי תורה
melahim1-8,מלכים א׳,8,חורב = הר סיני
melahim1-8,מלכים א׳,8,כאשר יצאו הכהנים שהביאו את הארון התמלא בית המקדש בענן
melahim1-8,מלכים א׳,8,שלמה החליט לא לברך את ישראל בחנוכת המקדש
melahim1-8,מלכים א׳,8,דוד מאוד רצה לבנות את המקדש
melahim1-8,מלכים א׳,8,תפילת שלמה היתה עם פרישת כפיים לשמים
melahim1-8,מלכים א׳,8,שלמה מבקש בתפילתו שה' ישמור את ההבטחה לבית דוד
melahim1-8,מלכים א׳,8,שלמה בתפילתו מסביר שה' אינו צריך בית כי הוא נמצא בכל מקום
melahim1-8,מלכים א׳,8,שלמה מבקש שבית המקדש יהיה המקום שממנ ו ישמעו תפילות עם ישראל
melahim1-8,מלכים א׳,8,"שלמה מבקש, אם עם ישראל יפסידו במלחמה, ויבואו להתפלל בבית המקדש, שה' לא ישמע לתפילתם"
melahim1-8,מלכים א׳,8,"שלמה מבקש, אם לא ירד גשם , ועם ישראל יבוא להתפלל במקדש למען גשם, שה' ישמע תפילתם"
melahim1-8,מלכים א׳,8,"שלמה מבקש, אם יהיו מחלות ומחלות בעם ישראל, שה' ישמע לתפילותיהם דרך המקדש. "
melahim1-8,מלכים א׳,8,"שלמה מבקש שה' ישמע לגוי הבא להתפלל במקדש, גם אם אינו מקיים מצוות"
melahim1-8,מלכים א׳,8,"שלמה מבקש, אם ישראל יהיו בגלות, שה' ישמע לתפילת האוייבים "
melahim1-8,מלכים א׳,8,"הסיבה ששלמה מציין לבקשתיו, כי הוא ממשפחה מאוד נחמדה."
melahim1-8,מלכים א׳,8,את כל תפילתו אמר שלמה כשהוא כורע על ברכיו לפני המזבח
melahim1-8,מלכים א׳,8,בסיום תפילתו שלמה מברך את ה' על אשר מילא כל הבטחותיו לישראל
melahim1-8,מלכים א׳,8,חנוכת המקדש היתה שלושה ימים
melahim1-9,מלכים א׳,9,ה' ניגלה אל שלמה אחרי סיום מבצעי הבנייה הגדולים
melahim1-9,מלכים א׳,9,"זוהי התגלות שנייה, בראשונה ביקש שלמה, וקיבל, חכמה "
melahim1-9,מלכים א׳,9,"ה' אומר לשלמה שהוא שמע את תפילתו, ה' מסכים להקדיש את המקדש לעולם"
melahim1-9,מלכים א׳,9,"ה' מזהיר את שלמה, יש תנאי להתמדת מלכותו, לשמוע בקול ה'"
melahim1-9,מלכים א׳,9,"אפילו אם ישראל לא ישמעו בקול ה' ולא ישמרו מצוותיו , הם ימשיכו לחיות בארץ"
melahim1-9,מלכים א׳,9,"""והיה ישראל למשל ולשנינה בכל העמים"" , הכוונה , העמים יקנאו בעם ישראל"
melahim1-9,מלכים א׳,9,"חורבן המקדש, יגרום לאנשים מעמים אחרים, לשרוק ולשאול למה זה קרה"
melahim1-9,מלכים א׳,9,סיבת החורבן תהיה עבודה זרה
melahim1-9,מלכים א׳,9,"משך זמן בניית בית ה' ובית המלך, היה 40 שנה"
melahim1-9,מלכים א׳,9,חירם מלך צור דאג לאספקת עצי ברושים ולא עצי ארזים
melahim1-9,מלכים א׳,9,שלמה נתן לחירם בתמורה 30 עיר
melahim1-9,מלכים א׳,9,"חירם בדק את הערים מתנת שלמה , הערים לא מצאו חן בעיניו"
melahim1-9,מלכים א׳,9,"""ארץ כבול"" הוא האיזור בגליל שניתן לחירם"
melahim1-9,מלכים א׳,9,העיר גזר נכבשה ע'י פרעה וניתנה לשלמה כנדוניה עבור בתו
melahim1-9,מלכים א׳,9,שלמה לא עסק בבניית ערים
melahim1-9,מלכים א׳,9,"""מס עובד"", היו צאצאי העמים שנשארו בארץ ושועבדו ע'י שלמה"
melahim1-9,מלכים א׳,9,"בני ישראל היו אנשי המלחמה , אצל שלמה"
melahim1-9,מלכים א׳,9,550 איש היו שרי העבודה (דאגו שהעובדים יעבדו) של שלמה
melahim1-9,מלכים א׳,9,שלמה לא בנה בית מיוחד לבת פרעה
melahim1-9,מלכים א׳,9,"אניות שלמה הפליגו מעציון גבר (אילת של היום), לאופיר, המלחים היו אנשי חירם מלך צור . האוניות הביאו מאופיר 420 ככר זהב למלך שלמה"
shmuel1-4,שמואל א’,4,בקרב הראשון נפלו 6000 איש מבני ישראל
shmuel1-4,שמואל א’,4,לקראת הקרב השני החליטו זקני ישראל להביא את ארון הברית משילה
shmuel1-4,שמואל א’,4,כאשר הארון הגיע היתה שמחה גדולה במחנה פלישתים
shmuel1-4,שמואל א’,4,עם הארון הגיעו גם חפני ופנחס
shmuel1-4,שמואל א’,4,"""אוי לנו מי יצילנו מיד האלוקים האדירים האלה"" אמרו הפלישתים המודאגים"
shmuel1-4,שמואל א’,4,הפלישתים החליטו להיכנע
shmuel1-4,שמואל א’,4,במלחמה נפלו 300 איש מבני ישראל
shmuel1-4,שמואל א’,4,ארון ה' נלקח בשבי
shmuel1-4,שמואל א’,4,חפני ופנחס ניצלו ממוות
shmuel1-4,שמואל א’,4,המבשר שהגיע לשילה היה משבט יהודה
shmuel1-4,שמואל א’,4,עלי חיכה לשמוע את תוצאת הקרב כשהוא יושב על כסא
shmuel1-4,שמואל א’,4,עלי היה בן 98 באותו זמן
shmuel1-4,שמואל א’,4,המבשר מפרט באוזני עלי: ישראל ברח. היתה גם מגיפה גדולה בעם. חפני ופנחס מתו. הארון נפל בשבי פלישתים
shmuel1-4,שמואל א’,4,"כאשר עלי שמע שהארון נלקח, הוא נפל מהכסא אחורנית ומת"
shmuel1-4,שמואל א’,4,עלי שפט את ישראל 40 שנה
shmuel1-4,שמואל א’,4,כאשר שמעה אשת פנחס את הבשורה הנוראה היא כרעה ללדת
shmuel1-4,שמואל א’,4,אשת פנחס מתה בשעת הלידה
shmuel1-4,שמואל א’,4,"הבן שנולד נקרא ע'י אמו : ""אי – כבוד"""
shmuel1-4,שמואל א’,4,שם הבן מבטא את מצב עם ישראל בנלקח ממנו כבודו
shmuel1-7,שמואל א’,7,אלעזר היה האחראי לשמירת הארון
shmuel1-7,שמואל א’,7,"""..וינהו כל בית ישראל אחרי ה'"". פירוש שלא שמעו בקולו"
shmuel1-7,שמואל א’,7,"שמואל אומר לעם, כדי להינצל מפלישתים עליהם לסלק את האלילים"
shmuel1-7,שמואל א’,7,שמות האלילים המוזכרים: בעלים ועשתרות
shmuel1-7,שמואל א’,7,"שמואל מכנס את כל העם למצפה, צמו ושפכו מים לפני ה'"
shmuel1-7,שמואל א’,7,במצפה החליט העם לא לשמוע בקול ה'
shmuel1-7,שמואל א’,7,פלישתים שמעו שבני ישראל מכונסים במצפה ופחדו מאוד
shmuel1-7,שמואל א’,7,בני ישראל שמעו שפלישתים עולים עליהם ובכלל לא פחדו
shmuel1-7,שמואל א’,7,בני ישראל מבקשים משמואל שיתפלל לה' כדי להושיעם מפלישתים
shmuel1-7,שמואל א’,7,שמואל הקריב פר והתפלל אל ה'
shmuel1-7,שמואל א’,7,כאשר קרבו הפלישתים ה' השמיע קול גדול אשר גרם תבוסה לפלישתים
shmuel1-7,שמואל א’,7,ישראל רדפו אחרי פלישתים עד לבית כר
shmuel1-7,שמואל א’,7,לזכר הנצחון קראו 'אבן העזר' למקום הנצחון
shmuel1-7,שמואל א’,7,הפלישתים ניסו עוד ועוד בימי שמואל להילחם בישראל
shmuel1-7,שמואל א’,7,עם ישראל החזיר לעצמו את כל הערים שכבשו הפלישתים לפני ימי שמואל
shmuel1-7,שמואל א’,7,מלחמה היתה לישראל עם האמורי בימי שמואל
shmuel1-7,שמואל א’,7,לשמואל היה נוהל שיפוט כל ימי חייו
shmuel1-7,שמואל א’,7,הוא סבב כשופט מבית אל לגלגל ולמצפה
shmuel1-7,שמואל א’,7,מקום השיפוט  הקבוע  היה ברמה  בביתו 
shmuel2-15,שמואל ב׳,15,"אבשלום הראה לכולם שהוא יורש העצר, ע'י מרכבה עם 50 איש הרצים לפניה"
shmuel2-15,שמואל ב׳,15,אבשלום לא התערב במשפטים שעשה אביו
shmuel2-15,שמואל ב׳,15,ע'י גניבת לב ישראל הכשיר אבשלום את המרד נגד אביו
shmuel2-15,שמואל ב׳,15,"""רְאֵה דְבָרֶךָ טוֹבִים וּנְכֹחִים וְשֹׁמֵעַ אֵין לְךָ מֵאֵת הַמֶּלֶךְ: "", אמר יואב לאבישי
"
shmuel2-15,שמואל ב׳,15,"""עָלַי יָבוֹא כָּל אִישׁ אֲשֶׁר יִהְיֶה לּוֹ רִיב וּמִשְׁפָּט וְהִצְדַּקְתִּיו"": אומר אבשלום
"
shmuel2-15,שמואל ב׳,15,"ההסבר שנתן אבשלום לאביו דוד מדוע הוא מבקש להגיע לחברון, כי הוא רוצה לבדוק את חומות העיר"
shmuel2-15,שמואל ב׳,15,"הסימן שנתן אבשלום לפרוץ המרד, היה, הנפת דגלים "
shmuel2-15,שמואל ב׳,15,200 איש ליוו את אבשלום מירושלים לחברון
shmuel2-15,שמואל ב׳,15,אחיתופל התנגד להצטרף למרד
shmuel2-15,שמואל ב׳,15,לדוד סיפרו שיש מעטים ההולכים עם אבשלום
shmuel2-15,שמואל ב׳,15,דוד משכנע את אנשיו לברוח מירושלים
shmuel2-15,שמואל ב׳,15,דוד השאיר את 10 פילגשיו לשמור על הבית
shmuel2-15,שמואל ב׳,15,עם דוד נשארים הכריתי והפליתי וכן 600 הגיתים
shmuel2-15,שמואל ב׳,15,איתי הגיתי מסרב ללכת עם דוד
shmuel2-15,שמואל ב׳,15,בכי גדול מלווה את האנשים הבורחים עם דוד
shmuel2-15,שמואל ב׳,15,הכוהנים עם ארון הברית סירבו ללכת עם דוד
shmuel2-15,שמואל ב׳,15,אחימעץ ויהונתן יהיו המדווחים על מה שנעשה בירושלים כשאבשלום יגיע
shmuel2-15,שמואל ב׳,15,יהונתן ואחימעץ היו בני המלך דוד
shmuel2-15,שמואל ב׳,15,חושי הארכי ידידו של דוד נשאר בירושלים . המטרה להפר את עצת אחיתופל
shmuel2-15,שמואל ב׳,15,"סַכֶּל נָא אֶת עֲצַת אֲחִיתֹפֶל ה':  ביקש חושי
"
shmuelb14,שמואל ב',14,בפסוק א' כתוב שדוד התגעגע לאבשלום
shmuelb14,שמואל ב',14,"יואב לקח מתקוע אשה חכמה, כדי שתגרום לדוד להחזיר את אבשלום מגלותו"
shmuelb14,שמואל ב',14,האשה מתקוע מתחפשת לאשה שמחה
shmuelb14,שמואל ב',14,האשה מתקוע באה לפני המלך דוד ומבקשת שיושיע אותה
shmuelb14,שמואל ב',14,"האשה מתקוע סיפרה שהיא אלמנה , אם לשני בנים"
shmuelb14,שמואל ב',14,"האשה מתקוע מספרת על ריב שני בניה: "" וּלְשִׁפְחָתְךָ שְׁנֵי בָנִים וַיִּנָּצוּ שְׁנֵיהֶם בַּשָּׂדֶה"""
shmuelb14,שמואל ב',14,האשה החכמה סיפרה לדוד שהמשפחה מנסה להפעיל גאולת דם על בנה השני
shmuelb14,שמואל ב',14,דוד אומר לאשה שהמשפחה צודקת ולא היא
shmuelb14,שמואל ב',14,האשה שואלת את דוד מדוע הוא לא מחזיר בן מודח
shmuelb14,שמואל ב',14,המלך מבין שהאשה נשלחה ע'י יואב
shmuelb14,שמואל ב',14,האשה מכחישה שנשלחה ע'י יואב
shmuelb14,שמואל ב',14,""" וַאדֹנִי חָכָם כְּחָכְמַת מַלְאַךְ הָאֱלֹהִים לָדַעַת אֶת כָּל אֲשֶׁר בָּאָרֶץ"" אומרת האשה התקועית למלך"
shmuelb14,שמואל ב',14,"המלך אומר ליואב: ""וְלֵךְ הָשֵׁב אֶת הַנַּעַר אֶת אַבְשָׁלוֹם"""
shmuelb14,שמואל ב',14,"בניהו אומר למלך: "" הַיּוֹם יָדַע עַבְדְּךָ כִּי מָצָאתִי חֵן בְּעֵינֶיךָ אֲדֹנִי הַמֶּלֶךְ"""
shmuelb14,שמואל ב',14,יואב מביא את אבשלום מגשור
shmuelb14,שמואל ב',14,"הפגישה בין דוד לאבשלום היתה מאוד נרגשת: "" יִסֹּב אֶל בֵּיתוֹ וּפָנַי לֹא יִרְאֶה"""
shmuelb14,שמואל ב',14,אבשלום היה מאוד מכוער
shmuelb14,שמואל ב',14,לאבשלום נולדו 3 בנים ובת בשם תמר
shmuelb14,שמואל ב',14,אבשלום הצית את שדהו של יואב ובזאת הכריח את יואב לבוא אליו
shmuelb14,שמואל ב',14,אבשלום דורש מיואב שיאמר לאביו המלך כי הוא רוצה לראותו. כי הוא אינו מבין למה הוחזר מגשור.
shmuelb19,שמואל ב',19,"לקראת המלחמה נתן דוד הוראה , להרוג את אבשלום וכך לחסוך חיי אדם"
shmuelb19,שמואל ב',19,הקרב הסתיים בנצחון אנשי דוד
shmuelb19,שמואל ב',19,ראשו של אבשלום נתפס בעץ פיקוס
shmuelb19,שמואל ב',19,אחימעץ בן צדוק סירב לרוץ בשליחות יואב להודיע על הניצחון
shmuelb19,שמואל ב',19,הכושי נשלח ע'י יואב לבשר על הניצחון
shmuelb19,שמואל ב',19,"""יהיו כנער אויבי אדוני המלך..."" השיב הכושי לשאלת דוד אם אבשלום חי"
shmuelb19,שמואל ב',19,"דוד בצערו על מות אבשלום , אמר את המילה 'בני'  8  פעמים"
shmuelb19,שמואל ב',19,יואב הציע לדוד לצרף אליו עוד כמה מתאבלים שלא יהיה לבד באבלו
shmuelb19,שמואל ב',19,"יואב אמר לדוד שאצלו הדברים הפוכים: ""לאהבה את שונאיך ולשנוא את אוהביך"""
shmuelb19,שמואל ב',19,בשבטי ישראל היה דיון והוחלט להחזיר את דוד למלכותו
shmuelb19,שמואל ב',19,שבט יהודה היה הראשון שהחליט להחזיר את דוד כמלך
shmuelb19,שמואל ב',19,"עמשא שהיה שר צבא אבשלום, קיבל מינוי מדוד להיות שר צבא במקום יואב"
shmuelb19,שמואל ב',19,"שמעי בן גרא כאשר ירד לקראת דוד, הביא איתו 2000 איש מבנימין"
shmuelb19,שמואל ב',19,ציבא העבד לבית שאול עם בניו ועבדיו סייעו לדוד במעבר הירדן
shmuelb19,שמואל ב',19,שמעי מבקש סליחה מהמלך אבל דוד מסרב לסלוח לו על התנהגותו
shmuelb19,שמואל ב',19,"אבישי בן צרויה מציע להרוג את שמעי, כי קלל את דוד שהוא משיח ה'"
shmuelb19,שמואל ב',19,"הפסוקים מתארים את אבלו של מפיבושת, כל זמן המרד"
shmuelb19,שמואל ב',19,מפיבושת מסביר לדוד שבגלל ציבא הוא לא הצליח להצטרף אליו בזמן המרד
shmuelb19,שמואל ב',19,דוד מחזיר למפיבושת את כל רכוש בית שאול
shmuelb19,שמואל ב',19,ברזילי הגלעדי סיפק לדוד את הכלכלה שהיה זקוק לה בזמן המרד
shmuelb19,שמואל ב',19,"דוד מציע לברזילי הגלעדי שלא יבוא לירושלים, ברזילי שולח את בנו כמהם עם דוד"
shmuelb19,שמואל ב',19,"כשדוד חצה את הירדן היו איתו כל שבט יהודה, ורק חצי מעם ישראל שהספיק להגיע"
shmuelb19,שמואל ב',19,שבטי ישראל באו אל שבט יהודה בטענות מדוע אין מאפשרים לשאר השבטים להיות איתו
shmuelb19,שמואל ב',19,אנשי יהודה טוענים שדוד קרוב אליהם יותר משאר השבטים
shmuelb19,שמואל ב',19,אנשי השבטים טוענים שהם פי 10 משבט יהודה והם גם היו הראשונים שהציעו למלך לחזור למלכותו
shmuelb20,שמואל ב',20,שבע בן בכרי היה משבט יהודה
shmuelb20,שמואל ב',20,קריאת המרד: אין לנו חלק בדוד ולא נחלה לנו בבן ישי איש לאוהליו ישראל
shmuelb20,שמואל ב',20,אחרי קריאת המרד נטשו אנשי יהודה את דוד 
shmuelb20,שמואל ב',20,"פעולה ראשונה, בהגיע דוד לירושלים, נתן את 10 פילגשיו ב'בית משמרת'"
shmuelb20,שמואל ב',20,"דוד נותן הוראה לשר הצבא עמשא, לאסוף בתוך 5 ימים את צבא שבט יהודה"
shmuelb20,שמואל ב',20,עמשא מאחר ודוד מטיל על יואב את הרדיפה אחרי שבע בן בכרי
shmuelb20,שמואל ב',20,בגבעון מתקיימת הפגישה בין עמשא ליואב בה נרצח עמשא ע'י יואב
shmuelb20,שמואל ב',20,יואב חיפש אבן מתאימה שתוכל להרוג את שבע
shmuelb20,שמואל ב',20,"נער יואב משך את גופת עמשא מהמסילה (הדרך) , וכ הצטרפו לוחמי יהודה אל יואב במירדף אחרי שבע בן בכרי"
shmuelb20,שמואל ב',20,שבע התבצר באבל בית מעכה
shmuelb20,שמואל ב',20,העיר אבל בית מעכה נמצאת בצפון הארץ
shmuelb20,שמואל ב',20,יואב והצבא החלו בפעילות מצור כדי לכבוש את אבל בית מעכה
shmuelb20,שמואל ב',20,אשה חכמה מהעיר קראה ליואב להתקרב כי היא רצתה להרוג אותו
shmuelb20,שמואל ב',20,האישה החכמה שואלת את יואב למה הוא מנסה לחסל את אבל בית מעכה
shmuelb20,שמואל ב',20,יואב משיב לה שזאת מדיניות דוד להרוס את כל צפון הארץ
shmuelb20,שמואל ב',20,האישה מבטיחה ליואב שאנשי העיר יהרגו את שבע בן בכרי
shmuelb20,שמואל ב',20,אחרי מות שבע בן בכרי חזר יואב אל המלך 
shmuelb20,שמואל ב',20,יואב חזר להיות שר צבא דוד
shmuelb20,שמואל ב',20,בניהו בן יהוידע פיקד על הכרתי והפליתי
shmuelb20,שמואל ב',20,אדורם (אדונירם) היה שר המס של דוד
shmuelb24,שמואל ב’,24,ה' כעס על ישראל ולכן נדחף דוד לפקוד את העם
shmuelb24,שמואל ב’,24,הסיבות שה' כעס על ישראל מופיעות בפרקנו
shmuelb24,שמואל ב’,24,"דוד נותן את ההוראה ליפקוד את ישראל, לבניהו בן יהוידע"
shmuelb24,שמואל ב’,24,יואב שמח על הרעיון לפקוד את העם
shmuelb24,שמואל ב’,24,"יואב אומר לדוד: ""ויוסף ה' אלוקיך אל העם כהם וכהם מאה פעמים...."""
shmuelb24,שמואל ב’,24,"המיפקד התחיל בעבר הירדן המזרחי, בערוער"
shmuelb24,שמואל ב’,24,"בצפון הגיעו הפוקדים עד דן, "
shmuelb24,שמואל ב’,24,מצור וצידון פנו הפוקדים צפונה והגיעו עד באר שבע
shmuelb24,שמואל ב’,24,המיפקד ארך 9 חודשים ו  20 יום
shmuelb24,שמואל ב’,24,תוצאות המיפקד: מליון ו 300 אלף לוחמים
shmuelb24,שמואל ב’,24,דוד לא התחרט על ביצוע המיפקד
shmuelb24,שמואל ב’,24,"דוד פונה לה' : ""...העבר נא את עוון עבדך כי נסכלתי מאוד"""
shmuelb24,שמואל ב’,24,גד הנביא מביא לדוד 5 הצעות מה'
shmuelb24,שמואל ב’,24,"דוד בוחר להיות ביד ה' שרבים רחמיו, ולא ליפול בידי אדם"
shmuelb24,שמואל ב’,24,"מגיפת דבר פורצת בעם, מספר המתים 50 אלף"
shmuelb24,שמואל ב’,24,"דוד מבקש שה' יפגע בו, כי הוא חטא, ולא בעם"
shmuelb24,שמואל ב’,24,"דוד בהוראת ה' מבקש ליקנות את גורן ארונה היבוסי, בחברון"
shmuelb24,שמואל ב’,24,"מטרת קניית הגורן, כדי להקים עליו מזבח, וכך תיעצר המגיפה"
shmuelb24,שמואל ב’,24,"למימון הקנייה של הגורן (הוא הר המוריה), לקח דוד 50 שקל מכל שבט"
shmuelb24,שמואל ב’,24,המגיפה המשיכה על – אף הקמת המיזבח והקרבת העולות והשלמים ע'י דוד
shmuelb6,שמואל ב׳,6,"הארון לא היה באוהל ה' בגבעון, מאז שהוחזר מארץ פלישתים"
shmuelb6,שמואל ב׳,6,"הארון לא נשאר בבית שמש אלא עבר לקרית יערים, בגלל המכה שהיכה ה' באנשי בית שמש"
shmuelb6,שמואל ב׳,6,בפרקנו מסופר על שני שלבים בהעלאת הארון לירושלים
shmuelb6,שמואל ב׳,6,"את הארון, בשלב הראשון של ההעלאה,  נשאו הלויים, מבית אבינדב שבקרית יערים"
shmuelb6,שמואל ב׳,6,"עוזה פחד שהארון יפול , לכן אחז בו"
shmuelb6,שמואל ב׳,6,""" וַיִּקְרָא לַמָּקוֹם הַהוּא פֶּרֶץ עֻזָּה עַד הַיּוֹם הַזֶּה"":  כתוצאה ממות עוזה"
shmuelb6,שמואל ב׳,6,""" אֵיךְ יָבוֹא אֵלַי אֲרוֹן ה’"": אמר אביתר הכהן הגדול לדוד"
shmuelb6,שמואל ב׳,6,"את הארון מיקמו בבית עובד אדום הגיתי, הארון היה שם שלושה חודשים"
shmuelb6,שמואל ב׳,6,"ברכה גדולה באה על בית עובד אדום הגיתי, בגלל היות הארון בביתו"
shmuelb6,שמואל ב׳,6,ההעלאה השנייה של הארון היתה בחשאי
shmuelb6,שמואל ב׳,6,דוד זבח זבחים על כל ששה צעדים שצעדו נושאי הארון 
shmuelb6,שמואל ב׳,6,דוד לא רקד לפני הארון בהעלאה השנייה שלו
shmuelb6,שמואל ב׳,6,"מסופר על אביגייל אשת דוד: "" וַתֵּרֶא אֶת הַמֶּלֶךְ דָּוִד מְפַזֵּז וּמְכַרְכֵּר לִפְנֵי ה’ וַתִּבֶז לוֹ בְּלִבָּהּ:"
shmuelb6,שמואל ב׳,6,הארון מוקם באוהל מיוחד בעיר דוד
shmuelb6,שמואל ב׳,6,"לכבוד ההעלאה של הארון לעיר דוד, הקריב דוד עולות לה'"
shmuelb6,שמואל ב׳,6,דוד חילק לכל איש ואישה חלת לחם ובשר לכבוד ההעלאה של הארון לעיר דוד
shmuelb6,שמואל ב׳,6,""" וַיְבָרֶךְ אֶת הָעָם בְּשֵׁם ה’ צְבָאוֹת"" , אביתר מברך בברכת כוהנים לכבוד ההעלאה של הארון לירושלים"
shmuelb6,שמואל ב׳,6,""" וַתֹּאמֶר מַה נִּכְבַּד הַיּוֹם מֶלֶךְ יִשְׂרָאֵל אֲשֶׁר נִגְלָה הַיּוֹם לְעֵינֵי אַמְהוֹת עֲבָדָיו כְּהִגָּלוֹת נִגְלוֹת אַחַד הָרֵקִים"" אמרה מיכל בלעג לדוד"
shmuelb6,שמואל ב׳,6,"תשובת דוד למיכל היתה: "" לִפְנֵי ה’ אֲשֶׁר בָּחַר בִּי מֵאָבִיךְ וּמִכָּל בֵּיתוֹ לְצַוֹּת אֹתִי נָגִיד עַל עַם ה’ עַל יִשְׂרָאֵל וְשִׂחַקְתִּי לִפְנֵי ה’"""
shmuelb6,שמואל ב׳,6,  לא היו למיכל ילדים עד יום מותה
shmuelb7,שמואל ב׳,7,"במשפט זה מבקש דוד לומר הגיע זמן בניית מקדש לה': "" רְאֵה נָא אָנֹכִי יוֹשֵׁב בְּבֵית אֲרָזִים וַאֲרוֹן הָאֱלֹהִים יֹשֵׁב בְּתוֹךְ הַיְרִיעָה:"""
shmuelb7,שמואל ב׳,7,בתגובה הראשונה של נתן יש חוסר הסכמה לרעיון של דוד
shmuelb7,שמואל ב׳,7,באותו הלילה מגיב ה' באוזני נתן להצעת דוד
shmuelb7,שמואל ב׳,7,הסיבה לתגובת ה' באותו לילה: כי דוד עלול/עשוי לנדור ולהתחיל בבניית המקדש מיד
shmuelb7,שמואל ב׳,7,"בדברי ה' לדוד: "" הַאַתָּה תִּבְנֶה לִּי בַיִת לְשִׁבְתִּי"" ה' אינו רוצה שדוד יבנה הבית"
shmuelb7,שמואל ב׳,7,ה' מסביר לדוד שהוא לא ביקש בית מארזים לכבודו
shmuelb7,שמואל ב׳,7,"ה' מזכיר לדוד, בפסוק הבא, שהוא לקח  אותו למלוך על ישראל כשמקצועו היה רועה: "" אֲנִי לְקַחְתִּיךָ מִן הַנָּוֶה מֵאַחַר הַצֹּאן לִהְיוֹת נָגִיד עַל עַמִּי עַל יִשְׂרָאֵל"""
shmuelb7,שמואל ב׳,7,"וְעָשִׂתִי לְךָ שֵׁם גָּדוֹל כְּשֵׁם הַגְּדֹלִים אֲשֶׁר בָּאָרֶץ"" אומר ה' לדוד"
shmuelb7,שמואל ב׳,7, ה' מבטיח לדוד : עם ישראל לא יסבול יותר מהתנכלויות של בני עולה
shmuelb7,שמואל ב׳,7,ה' מבטיח לדוד: שיתו יהיה בית מלכות ישראל
shmuelb7,שמואל ב׳,7,ה' מבשר לדוד שבנו לא ימלוך תחתיו
shmuelb7,שמואל ב׳,7,ה' מבטיח לדוד שבנו לא יבנה את המקדש
shmuelb7,שמואל ב׳,7,ה' מבטיח לדוד שיעניש את בנו כמו שאב מעניש את בנו
shmuelb7,שמואל ב׳,7,"ההבטחה הגדולה לבית דוד: "" וְנֶאְמַן בֵּיתְךָ וּמַמְלַכְתְּךָ עַד עוֹלָם לְפָנֶיךָ כִּסְא ֲךָ יִהְיֶה נָכוֹן עַד עוֹלָם"""
shmuelb7,שמואל ב׳,7,בתפילתו מציין דוד שה' עשה נפלאותיו עם עמים נוספים לישראל
shmuelb7,שמואל ב׳,7,בתפילתו מציין דוד את העובדה שה' בחר בעם ישראל מכל העמים
shmuelb7,שמואל ב׳,7,"דוד מודה לה' על הבשורות הגדולות שבישר לו ה', וביניהן ההבטחה שמלכות ישראל תמיד מבית דוד: "" וַתְּדַבֵּר גַּם אֶל בֵּית עַבְדְּךָ לְמֵרָחוֹק"""
shmuelb7,שמואל ב׳,7,""" עַל כֵּן גָּדַלְתָּ אֲדֹנָי יְדֹוִד כִּי אֵין כָּמוֹךָ וְאֵין אֱלֹהִים זוּלָתֶךָ"", לכן ההבטחה לבית דוד תתממש"
shmuelb7,שמואל ב׳,7,"דוד מנמק את הסיבה לתפילתו, כי ה' לא הבטיח לו עתיד טוב"
shmuelb7,שמואל ב׳,7,דוד מבקש שה' יברך את ביתו לעולם
shoftim1,שופטים,1,בני ישראל ביקשו להילחם באמורי תחילה
shoftim1,שופטים,1,""" עֲלֵה אִתִּי בְגוֹרָלִי וְנִלָּחֲמָה בַּכְּנַעֲנִי"" אומר שמעון ליהודה"
shoftim1,שופטים,1,"אדוני בזק, היה נוהג לענות ולהשפיל את שבוייו"
shoftim1,שופטים,1,העיר ירושלים נכבשה בימי דוד
shoftim1,שופטים,1,"איזורי הקרבות של שבטי יהודה ושמעון: ההר, השפילה והנגב"
shoftim1,שופטים,1,'קרית ארבע' נקראת כך בגלל שהיתה העיר הרביעית בגודלה
shoftim1,שופטים,1,"ששי, אחימן ותלמי היו גמדי ארץ ישראל"
shoftim1,שופטים,1,"עתניאל בן קנז, היה אחיו הבכור של כלב בן יפונה"
shoftim1,שופטים,1,"עכסה ניתנה לכלב בן יפונה לאישה, בגלל כיבוש חברון"
shoftim1,שופטים,1,""" וּבְנֵי קֵינִי חֹתֵן מֹשֶׁה"". הכוונה לצאצאי יתרו"
shoftim1,שופטים,1,העיר חורמה נקראה לפני – כן צפת
shoftim1,שופטים,1,שבט יהודה לא כבש שטחים של הפלישתים
shoftim1,שופטים,1,"הסיבה שיהודה לא כבש בעמק היא, שלא היה לשבט יהודה רכב ברזל"
shoftim1,שופטים,1,יבוס היא העיר ירושלים
shoftim1,שופטים,1,לוז היא חברון
shoftim1,שופטים,1,""" וְאֶת הָאִישׁ וְאֶת כָּל מִשְׁפַּחְתּוֹ שִׁלֵּחוּ"": כי גילה את הכניסה לעיר לוז
"
shoftim1,שופטים,1,"בפרקנו מופיעים שמות נשבטים הבאים שלא סיימו הכיבוש באיזורי נחלתם: מנשה, אפרים, זבולון, אשר נפתלי, דן"
shoftim1,שופטים,1,העיר בית שאן לא נלקחה כירושה על ידי שבט זבולון
shoftim1,שופטים,1,שבט נפתלי לא הוריש את העיר עכו
shoftim1,שופטים,1,שבט דן סילק את האמורי מאיזורי העמק
shoftim14,שופטים,                       פרק יד     	     		,האשה הראשונה שבחר לעצמו שמשון היתה אמורית
shoftim14,שופטים,                       פרק יד     	     		,הוריו של שמשון שמחים על הבחירה שלו את האישה
shoftim14,שופטים,                       פרק יד     	     		,מה' היתה הבחירה הזאת לשמש כסיבה לפגוע בפלישתים
shoftim14,שופטים,                       פרק יד     	     		,"אריה תקף את שמשון בדרך לתמנתה, שמשון שיסע אותו בקלות"
shoftim14,שופטים,                       פרק יד     	     		,שמשון תיאר באזני הוריו את נצחונו על האריה
shoftim14,שופטים,                       פרק יד     	     		,האישה מצאה חן בעיני שמשון
shoftim14,שופטים,                       פרק יד     	     		,"כעבור זמן, מצא שמשון בגויית האריה דבש"
shoftim14,שופטים,                       פרק יד     	     		,במשתה בתמנתה היו עם שמשון  40 בחורים מקומיים
shoftim14,שופטים,                       פרק יד     	     		,"שמשון מציע בתוך המשתה לחוד חידה, אם  ידעו תשובה יתן לכל אחד מהנוכחים סדין וחליפה. ולהיפך אם לא ידעו"
shoftim14,שופטים,                       פרק יד     	     		,"החידה : ""מהאוכל יצא מאכל ומעז יצא מתוק"", היה עליהם לתת התשובה תוך כדי ימי המישתה"
shoftim14,שופטים,                       פרק יד     	     		,הבחורים מאיימים על אשת שמשון בשריפת בית הוריה על כל תכולתו
shoftim14,שופטים,                       פרק יד     	     		,"אשת שמשון בוכה כל ימי המשתה, על שאינו אומר לה את פתרון החידה"
shoftim14,שופטים,                       פרק יד     	     		,שמשון עונה לה  שאת פתרון החידה הוא אמר רק להוריו
shoftim14,שופטים,                       פרק יד     	     		,שמשון לא עמד בהצקותיה של אשתו ואמר לה את הפתרון
shoftim14,שופטים,                       פרק יד     	     		,חרס = שמש
shoftim14,שופטים,                       פרק יד     	     		,"פתרון החידה שאמרו לו הבחורים: ""מה מתוק מארי, ומה עז מדבש"""
shoftim14,שופטים,                       פרק יד     	     		,"שמשון הגיב על הפתרון בלשון ציורית: ""לולא חרשתם בעגלתי לא מצאתם חידתי"""
shoftim14,שופטים,                       פרק יד     	     		,שמשון סיפק את החליפות ע'י הריגת 40 איש באשקלון
shoftim14,שופטים,                       פרק יד     	     		,"שמשון כעס על מעשה אשתו, וחזר הביתה"
shoftim14,שופטים,                       פרק יד     	     		,אשתו ניתנה לאחד הבחורים שהיו במישתה
shoftim17_18,שופטים,"פסל מיכה (פרקים יז , יח)",אמו של מיכיהו קיללה את גונב כספה
shoftim17_18,שופטים,"פסל מיכה (פרקים יז , יח)",עם כל הכסף שהחזיר מיכה עשתה אמו פסל
shoftim17_18,שופטים,"פסל מיכה (פרקים יז , יח)","""בימים ההם אין מלך בישראל, איש הישר בעיניו יעשה"".משפט אופייני בפרקים אלה"
shoftim17_18,שופטים,"פסל מיכה (פרקים יז , יח)",נער לוי הגיע מבית אל לביתו של מיכה
shoftim17_18,שופטים,"פסל מיכה (פרקים יז , יח)",הנער הלוי הזה היה כנראה צאצא של משה רבנו
shoftim17_18,שופטים,"פסל מיכה (פרקים יז , יח)",הנער הלוי הסכים להיות כהן בבית מיכה
shoftim17_18,שופטים,"פסל מיכה (פרקים יז , יח)",שבט דן שלח 5 אנשים לחפש נחלה עבורם
shoftim17_18,שופטים,"פסל מיכה (פרקים יז , יח)",המשלחת הגיעה לגלבוע לבית מיכה
shoftim17_18,שופטים,"פסל מיכה (פרקים יז , יח)",הכהן איחל להם הצלחה בשם ה'
shoftim17_18,שופטים,"פסל מיכה (פרקים יז , יח)",המשלחת הגיעה ללייש הנמצאת בדרום ארץ ישראל
shoftim17_18,שופטים,"פסל מיכה (פרקים יז , יח)",למסע הכיבוש יצאו 6 מאות לוחמים משבט דן
shoftim17_18,שופטים,"פסל מיכה (פרקים יז , יח)","""מחנה דן"" , הוא מקום חניית שבט דן (אחרי קרית יערים)."
shoftim17_18,שופטים,"פסל מיכה (פרקים יז , יח)",חברי המשלחת מוציאים את הפסל מבית מיכה
shoftim17_18,שופטים,"פסל מיכה (פרקים יז , יח)","את הכהן משאירים בני דן מאחור, כי אינם רוצים לקחת אותו איתם"
shoftim17_18,שופטים,"פסל מיכה (פרקים יז , יח)",בני דן השאירו את הלוחמים מאחור ביציאתם מבית מיכה
shoftim17_18,שופטים,"פסל מיכה (פרקים יז , יח)",מיכה רדף אחרי בני דן עד לכנרת
shoftim17_18,שופטים,"פסל מיכה (פרקים יז , יח)","בני דן הזהירו את מיכה שלא ירים את קולו כי: ""פן יפגעו בכם אנשים מרי נפש"""
shoftim17_18,שופטים,"פסל מיכה (פרקים יז , יח)","בקרב שהתפתח בין בני דן למיכה , ניצח מיכה"
shoftim17_18,שופטים,"פסל מיכה (פרקים יז , יח)",את שם העיר ליש הסבו בני דן ל 'דן'
shoftim17_18,שופטים,"פסל מיכה (פרקים יז , יח)","פסל מיכה הוקם בעיר דן, ויהונתן היה הכהן שם הוא ובניו..."
shoftim19_20,שופטים,"19, 20"," ""ומלך אין בישראל"" זוהי כותרת מקרה פילגש בגבעה"
shoftim19_20,שופטים,"19, 20",הפילגש ברחה לבעלה אל בית הוריה בבית לחם
shoftim19_20,שופטים,"19, 20",אביה של הפילגש לא שמח לראות את בעלה
shoftim19_20,שופטים,"19, 20",האב והבעל של הפילגש חגגו 2 ימים
shoftim19_20,שופטים,"19, 20",ביום החמישי בהשכמה עזבו הפילגש ובעלה את בית אביה
shoftim19_20,שופטים,"19, 20",העיר יבוס = ירושלים
shoftim19_20,שופטים,"19, 20",בעל הפילגש החליט לא לישון בעיר יבוס כי היא שייכת לעם נוכרי
shoftim19_20,שופטים,"19, 20","הם הגיעו לגבעת בנימין, איש זקן הציע שילונו אצלו  "
shoftim19_20,שופטים,"19, 20",באמצע הארוחה הוקף הבית באנשי הגבעה
shoftim19_20,שופטים,"19, 20",אנשי הגבעה דרשו מהזקן שימסור בידם את האורח 
shoftim19_20,שופטים,"19, 20",בעל הפילגש דחף אותה אל מחוץ לבית
shoftim19_20,שופטים,"19, 20",הפילגש הוזמנה לארוחה אצל אנשי בנימין
shoftim19_20,שופטים,"19, 20",הפילגש שוחררה עם שחר ונפלה מתה פתח בית המארח
shoftim19_20,שופטים,"19, 20",בעלה לקח את גופתה איתו לביתו
shoftim19_20,שופטים,"19, 20",בעלה עשה לפילגשו קבורה מפוארת
shoftim19_20,שופטים,"19, 20","בשמעו את המעשה הנורא בפילגש,   היתכנס כל עם ישראל לעיר מצפה"
shoftim19_20,שופטים,"19, 20",400 אלף לוחמים התאספו מתוך שבטי ישראל
shoftim19_20,שופטים,"19, 20","בני בנימין נענו לתביעת ההסגרה של עם ישראל, והסגירו את בני הבליעל"
shoftim19_20,שופטים,"19, 20",לוחמי שבט בנימין מנו 29 אלף לוחמים
shoftim19_20,שופטים,"19, 20",700 לוחמים היו מגבעת בנימין
shoftim2,שופטים,,מלאך ה' הגיע משכם  אל הבוכים 
shoftim2,שופטים,,"המלאך מזכיר לעם: יציאת מצרים, הבאתם לארץ, איסור הברית עם עממי כנען"
shoftim2,שופטים,,המלאך שמח על שהעם מימש את הברית
shoftim2,שופטים,,"הסיבה שנשארו מעממי כנען בארץ, כדי שיהיו למיטרד ומוקש לעם ישראל"
shoftim2,שופטים,,"המקום נקרא בוכים, כי שם הפסיקו מהבכי"
shoftim2,שופטים,,העם הפסיק לעבוד את ה' מיד עם מות יהושע
shoftim2,שופטים,,תמנת חרס היתה נחלת יהושע
shoftim2,שופטים,,"דור חדש קם, אשר המשיך בדרך שה' ציוה"
shoftim2,שופטים,,"שמות האלילים המופיעים בפסוקים י – יד: הבעל, העשתורת"
shoftim2,שופטים,,"משמעות הפסוק: "" וַיֵּלְכוּ אַחֲרֵי אֱלֹהִים אֲחֵרִים מֵאֱלֹהֵי הָעַמִּים אֲשֶׁר סְבִיבוֹתֵיהֶם"" , בני ישראל הושפעו מתרבות העמים הסובבים"
shoftim2,שופטים,,"יציאת מצרים מוזכרת כאן, כדי לבטא את ההתעלמות כפוית הטובה של העם מה'"
shoftim2,שופטים,,""" וְלֹא יָכְלוּ עוֹד לַעֲמֹד לִפְנֵי אוֹיְבֵיהֶם"", פירושו: רק מאחריהם יכלו לעמוד"
shoftim2,שופטים,,"פירוש המילה  שֹׁסִים , הוא: טיפשים"
shoftim2,שופטים,,ה' גרם שלעם ישראל יהיה מאוד רע
shoftim2,שופטים,,"כדי להושיע את ישראל ,  הביא ה' מלכים מארצות רחוקות"
shoftim2,שופטים,, בספר שופטים המילה 'שופט' כוונתה למושיע
shoftim2,שופטים,,בני ישראל שמעו תמיד לשופטיהם
shoftim2,שופטים,,"ה' היה ער לצרות שבאו על ישראל , על – כן הוא שלח להם שופטים להצילם"
shoftim2,שופטים,,השופט לא הצליח להצילם מיד אויביהם
shoftim2,שופטים,,"ה' השאיר את עממי כנען שיהושע לא הוריש, כדי לנסות בם את ישראל , וכן, בגלל כעסו על התנהגות עם ישראל"
shoftim21,שופטים,21,"היתה שבועה של עם ישראל , לא להתחתן עם בני בנימין  (נשבעו בעיר מצפה)"
shoftim21,שופטים,21,בפסוק ב' עם ישראל בכה על האבידות הכבדות שהיו לו במלחמה מול בני בנימין
shoftim21,שופטים,21," עם ישראל שואל מדוע נעלם שבט מישראל: "" לָמָה ..... הָיְתָה זֹאת בְּיִשְׂרָאֵל לְהִפָּקֵד הַיּוֹם מִיִּשְׂרָאֵל שֵׁבֶט אֶחָד"""
shoftim21,שופטים,21,"היתה שבועה של עם ישראל, לחון את כל מי שלא הגיע לעיר מצפה"" לַאֲשֶׁר לֹא עָלָה אֶל יְדֹוָד הַמִּצְפָּה לֵאמֹר מוֹת יוּמָת"" "
shoftim21,שופטים,21,בבית אל החליטו לבדוק מי לא הגיע למצפה
shoftim21,שופטים,21,"עם ישראל התחרט על השמדת שבט בנימין: "" וַיֹּאמְרוּ נִגְדַּע הַיּוֹם שֵׁבֶט אֶחָד מִיִּשְׂרָאֵל"""
shoftim21,שופטים,21,העיר יבש גלעד נמצאת בארץ פלישתים
shoftim21,שופטים,21,מהעיר יבש גלעד לא הגיע איש למצפה
shoftim21,שופטים,21,העדה שולחת משלחת עונשין לעיר יבש גלעד
shoftim21,שופטים,21,12 אלף לוחמים נשלחים ליבש גלעד
shoftim21,שופטים,21,"ההוראות לחיילים שנשלחו ליבש גלעד היו: להשאיר את כל הילדים בחיים, את כל שאר תושבי העיר להרוג"
shoftim21,שופטים,21,בעיר יבש גלעד נמצאו 500 נערות שלא נישאו והתאימו להיות נשים לבני בנימין
shoftim21,שופטים,21,"הלוחמים הביאו את הבנות, שנתפסו ביבש גלעד,  לשילה"
shoftim21,שופטים,21,"העדה שולחת משלחת,אל שרידי בני בנימין שעדיין היו בסלע רימון, עם הצעת שלום "
shoftim21,שופטים,21,בנות יבש גלעד התחתנו עם בני בנימין
shoftim21,שופטים,21,"הבעייה נותרה עם – 200 בני שבט בנימין, כי שבטי ישראל נשבעו לא לתת להם נשים"
shoftim21,שופטים,21,"בפרק זה פגשנו בערים  והמקומות הבאים: שילה, בית אל , יבש גלעד, סלע רימון, עזה, שכם"
shoftim21,שופטים,21,זקני העדה מציעים לבני בנימין לחטוף מהבנות המחוללות בכרמי שילו
shoftim21,שופטים,21,"בני בנימין לא הצליחו לממש את ההצעה, כי הורי הבנות דרשו מהם להחזיר את בנותיהם"
shoftim21,שופטים,21,"ספר שופטים מסתיים באותו פסוק שהתחיל ספר זה: "" בַּיָּמִים הָהֵם אֵין מֶלֶךְ בְּיִשְׂרָאֵל אִישׁ הַיָּשָׁר בְּעֵינָיו יַעֲשֶׂה"""
shoftim3,שופטים,3,"סיבה נוספת שנשארו מעממי כנען בלתי כבושים, כדי שבני ישראל לא ישכחו כיצד נלחמים"
shoftim3,שופטים,3,"בין העמים שנשארו כדי לנסות את ישראל: הקיני, היווני, הספרדי"
shoftim3,שופטים,3,""" לָדַעַת הֲיִשְׁמְעוּ אֶת מִצְוֹת יְדֹוָד אֲשֶׁר צִוָּה אֶת אֲבוֹתָם בְּיַד מֹשֶׁה:
סיבה נוספת מדוע נשארו מעממי כנען שלא נכבשו"
shoftim3,שופטים,3,"משעבד ראשון: כושן רשעתיים, במשך שמונה שנים"
shoftim3,שופטים,3,"כושן רשעתיים, היה מממלכה צפונית בשם ארם נהריים"
shoftim3,שופטים,3,"עתניאל שופט שני, אחיו הצעיר של כלב, בשני מקומות קראנו שזכה בעכסה בת כלב לאישה"
shoftim3,שופטים,3,מעשה התשועה של עתניאל הביא לרגיעה של 30 שנה
shoftim3,שופטים,3,עגלון היה מלך בני עמון
shoftim3,שופטים,3,עגלון שיעבד את ישראל במשך שמונה שנים
shoftim3,שופטים,3,"אהוד בן גרא שופט שני, היה משבט בנימין"
shoftim3,שופטים,3,"""איטר יד ימינו"", הכוונה משתמש בידו השמאלית"
shoftim3,שופטים,3,""" וְלָהּ שְׁנֵי פֵיוֹת גֹּמֶד אָרְכָּהּ"", פירוש: לבחורה הזאת שתי פיות"
shoftim3,שופטים,3,""" אִישׁ בָּרִיא מְאֹד"" , נאמר על אהוד"
shoftim3,שופטים,3,"עגלון הוציא את כל הנוכחים, כי לא רצה שיראו כולם איך הוא מנצח את אהוד"
shoftim3,שופטים,3,""" דְּבַר אֱלֹהִים לִי אֵלֶיךָ"" אומר אהוד  ""וַיָּקָם מֵעַל הַכִּסֵּא"" עגלון קם מכסאו"
shoftim3,שופטים,3,אהוד ניצל עובדת היותו איטר והיטעה את עגלון
shoftim3,שופטים,3,אהוד השאיר את דלתות העליה פתוחות
shoftim3,שופטים,3,אהוד הרויח הרבה זמן עם התרגיל שלו
shoftim3,שופטים,3,אהוד הספיק להזעיק את בני ישראל שהיו בהר אפרים
shoftim3,שופטים,3,"מעברי הירדן ניתפסו ע'י אנשי אהוד, המואבים לא הצליחו לעבור את הירדן "
shoftim3,שופטים,3,הניצחון היה גדול 20 אלף הרוגים למואבים
shoftim3,שופטים,3,אהוד הביא שקט לתקופה של 90 שנה
shoftim3,שופטים,3,שופט שלישי היה שמגר בן ענת
shoftim3,שופטים,3,"שמגר הכה בפלישתים , והרג  800 איש"
shoftim3,שופטים,3,את המכה בפלישתים עשה שמגר באמצעות מקל שמשמש לזרוז הבקר
shoftim4,שופטים,4,עד לפרק זה למדנו על 4 שופטים
shoftim4,שופטים,4,עתניאל נלחם נגד כושן רשעתיים
shoftim4,שופטים,4,אהוד נלחם נגד עמון
shoftim4,שופטים,4,שמגר נלחם נגד פלישתים
shoftim4,שופטים,4,לפידות היה בעלה של דבורה
shoftim4,שופטים,4,דבורה היתה נביאה
shoftim4,שופטים,4,השיעבוד ליבין מלך כנען היה במשך 20 שנה שיעבוד קשה ביותר
shoftim4,שופטים,4,ברק בא אל דבורה בהצעה שהוא יצא לקרב מול צבא כנען שבהנהגת שר הצבא סיסרא
shoftim4,שופטים,4,"אבינועם היה אביו של ברק, עירו היתה קדש נפתלי"
shoftim4,שופטים,4,השבטים שנקראו ע'י ברק להר תבור היו נפתלי וזבולון
shoftim4,שופטים,4,לצבא כנען בפיקודו של סיסרא היה 900 רכב
shoftim4,שופטים,4,דבורה מבקשת להיצטרף למלחמת ברק בסיסרא
shoftim4,שופטים,4,""" אֶפֶס כִּי לֹא תִהְיֶה תִּפְאַרְתְּךָ עַל הַדֶּרֶךְ אֲשֶׁר אַתָּה הוֹלֵךְ כִּי בְיַד אִשָּׁה יִמְכֹּר יְדֹוָד אֶת סִיסְרָא"" אומר ברק לדבורה"
shoftim4,שופטים,4,לברק היה צבא של 20 אלף חיילים
shoftim4,שופטים,4,חבר הקיני היה מצאצאי יתרו
shoftim4,שופטים,4,""" קוּם כִּי זֶה הַיּוֹם אֲשֶׁר נָתַן יְדֹוָד אֶת סִיסְרָא בְּיָדֶךָ הֲלֹא יְדֹוָד יָצָא לְפָנֶיךָ"". אומרת דבורה לברק"
shoftim4,שופטים,4,הנצחון האלוקי על סיסרא וצבאו היה גדול מאוד
shoftim4,שופטים,4,"המילה ""ויהם"" פירושה: המהומה בצבא הכנעני היתה גדולה מאוד"
shoftim4,שופטים,4,סיסרא ברח  אל  אוהל יעל אשת חבר הקיני
shoftim4,שופטים,4,"יעל הזמינה את סיסרא להיכנס לאוהל , כיסתה אותו בשמיכה"
shoftim4,שופטים,4,סיסרא ביקש חלב וקיבל מים
shoftim4,שופטים,4,סיסרא הישן נהרג ע'י יעל
shoftim4,שופטים,4,יעל יצאה לקראת ברק הרודף והראתה לו את סיסרא המת
shoftim4,שופטים,4,אחרי קרב זה נכנע יבין מל כנען בפני ישראל
shoftim4,שופטים,4,שתי נשים בפרקנו  קבעו גורל: דבורה ויעל
shoftim5,שופטים,5,עד לפרק זה למדנו על 4 משעבדים
shoftim5,שופטים,5,המלחמה נגד כושן רשעתיים נעשתה ע'י עתניאל
shoftim5,שופטים,5,המלחמה נגד עגלון נעשתה ע'י שמגר בן ענת
shoftim5,שופטים,5,המלחמה נגד פלישתים נעשתה ע'י אהוד בן גרא
shoftim5,שופטים,5,המלחמה נגד סיסרא נעשתה ע'י ברק ודבורה
shoftim5,שופטים,5,"בשירתה, דבורה משבחת את כח ההתנדבות בעם ישראל"
shoftim5,שופטים,5,בשירה יש איזכור למעמד הר סיני
shoftim5,שופטים,5,בשירה מתואר הפחד שהיה לישראל כתוצאה מהשיעבוד
shoftim5,שופטים,5,אנשים שמחו ללכת גלויים בדרכים ראשיות
shoftim5,שופטים,5,בני ישראל מעודף בטחון עצמי חיו בערים פרוזות (ללא חומות)
shoftim5,שופטים,5,""" רֹכְבֵי אֲתֹנוֹת צְחֹרוֹת יֹשְׁבֵי עַל מִדִּין"",  הכוונה במשפט זה לשופטי ישראל"
shoftim5,שופטים,5,""" מִקּוֹל מְחַצְצִים בֵּין מַשְׁאַבִּים"", פירושו: מתנדבי ישראל התארגנו ליחידות "
shoftim5,שופטים,5,"דבורה מציינת בשירתה שבטים אחדים שנחלצו לקרב מול כנען: אפרים, בנימין, מנשה, זבולון, יששכר"
shoftim5,שופטים,5,"דבורה מציינת בשירתה מספר שבטים שלא יצאו להילחם במשעבד: אשר, דן ,ראובן"
shoftim5,שופטים,5,דבורה כועסת על בני מרוז שלא יצאו לסייע
shoftim5,שופטים,5,בשירתה מברכת דבורה את יעל
shoftim5,שופטים,5,דבורה לא מתארת את דרך מותו של סיסרא
shoftim5,שופטים,5,"אמו של סיסרא המתינה לבנה בהשקיפה דרך חלון קטן, כי לא הבינה מדוע הוא מתעכב"
shoftim5,שופטים,5,"החכמות שבשרותיה מסבירות את העיכוב בנצחון הגדול של סיסרא על צבא ברק, ואיסוף השלל"
shoftim5,שופטים,5,"דבורה מסיימת שירתה , בהמשילה את עובדי ה' ואוהביו, כמו אור השמש  ההולך ומתגבר"
shoftim8,שופטים,8,בני אפרים כעסו כי גדעון לא קרא להם לפני המלחמה המדיין
shoftim8,שופטים,8,"גדעון אומר לבני אפרים: "" הֲלוֹא טוֹב עֹלְלוֹת אֶפְרַיִם מִבְצִיר אֲבִיעֶזֶר"":"
shoftim8,שופטים,8,""" אָז רָפְתָה רוּחָם מֵעָלָיו בְּדַבְּרוֹ הַדָּבָר הַזֶּה:"" פירוש הדברים: לא היה להם כוח בשבילו"
shoftim8,שופטים,8,אנשי סוכות ופנואל  סירבו לעזור לגדעון במזון ללוחמיו
shoftim8,שופטים,8,"גדעון ענה לאנשי סוכות: "" בְּשׁוּבִי בְשָׁלוֹם אֶתֹּץ אֶת הַמִּגְדָּל הַזֶּה"""
shoftim8,שופטים,8,גדעון כעס על אנשי פנואל והשמיד את העיר מיד אחרי שענו לו בחוצפה
shoftim8,שופטים,8,גדעון לא הצליח ללכוד את זבח וצלמונע מלכי מדיין
shoftim8,שופטים,8,גדעון קיבל 77 שמות משרי סוכות וזקניה
shoftim8,שופטים,8,"גדעון אומר לאנשי סוכות: "" הִנֵּה זֶבַח וְצַלְמֻנָּע אֲשֶׁר חֵרַפְתֶּם אוֹתִי לֵאמֹר הֲכַף זֶבַח וְצַלְמֻנָּע עַתָּה בְּיָדֶךָ כִּי נִתֵּן לַאֲנָשֶׁיךָ הַיְּעֵפִים לָחֶם"":"
shoftim8,שופטים,8,"גדעון שואל את מלכי מדיין: "" אֵיפֹה הָאֲנָשִׁים אֲשֶׁר הֲרַגְתֶּם בְּתָבוֹר.."""
shoftim8,שופטים,8,יתר בכורו של גדעון מבקש להרוג את 2 מלכי מדיין
shoftim8,שופטים,8,"""איש ישראל"" מבקשים מגדעון שימלוך עליהם"
shoftim8,שופטים,8,גדעון מסכים להיות מלך ישראל בתנאים מסוימים
shoftim8,שופטים,8,"גדעון אומר לעם: "" יְדֹוָד יִמְשֹׁל בָּכֶם"""
shoftim8,שופטים,8,העם תורם נזמי זהב מהשלל כדי לעשות זכרון לנצחון
shoftim8,שופטים,8,מהזהב נוצר עגל שהציב גדעון בעפרה עירו
shoftim8,שופטים,8,גדעון הביא שקט ל 60 שנה
shoftim8,שופטים,8,לגדעון היו 80 בנים
shoftim8,שופטים,8,אבימלך היה בן של פילגש של גדעון משכם
shoftim8,שופטים,8,"העם היה כפוי טובה לגדעון וביתו אחרי מות גדעון, והם גם שכחו את ה' שהצילם"
shoftim9,שופטים,9,אמו של אבימלך היתה משכם
shoftim9,שופטים,9,"בשני דברים קנה אבימלך את לב בעלי שכם: 1. הוא בן המקום. 2. האם שליטת 70 בני גדעון סבירה, האם לא עדיף אחד מהם כשליט?"
shoftim9,שופטים,9,אנשי שכם נתנו לגדעון מאה כסף
shoftim9,שופטים,9,בכסף שקיבל שכר אבימלך רוצחים שהרגו את 70 אחיו
shoftim9,שופטים,9,אבימלך המליך עצמו בדותן
shoftim9,שופטים,9,יותם שהצליח לברוח מהרוצחים עלה על הר עיבל  ומשם נשא את משלו
shoftim9,שופטים,9,"במשל יותם מופיעים העצים: הזית, התאנה והגפן , כמסרבים להיות שליטים"
shoftim9,שופטים,9,"   סכסוך כבד פרץ בין אנשי שכם לבין אבימלך, הסיבה: "" לָבוֹא חֲמַס שִׁבְעִים בְּנֵי יְרֻבָּעַל וְדָמָם לָשׂוּם עַל אֲבִימֶלֶךְ אֲחִיהֶם אֲשֶׁר הָרַג אוֹתָם וְעַל בַּעֲלֵי שְׁכֶם אֲשֶׁר חִזְּקוּ אֶת יָדָיו לַהֲרֹג אֶת אֶחָיו"":
"
shoftim9,שופטים,9,זבול שר העיר בגד באבימלך
shoftim9,שופטים,9,געל בן עבד התחבר אל זבול במרד נגד אבימלך
shoftim9,שופטים,9,"אבימלך פיצל את כוחותיו האורבים על העיר שכם, לשלושה ראשים"
shoftim9,שופטים,9,"זבול אומר לגעל: "" אַיֵּה אֵפוֹא פִיךָ אֲשֶׁר תֹּאמַר מִי אֲבִימֶלֶךְ כִּי נַעַבְדֶנּוּ הֲלֹא זֶה הָעָם אֲשֶׁר מָאַסְתָּה בּוֹ צֵא נָא עַתָּה וְהִלָּחֶם בּוֹ"""
shoftim9,שופטים,9, אבימלך ניצח את געל
shoftim9,שופטים,9,זבול גרש את געל משכם
shoftim9,שופטים,9,אבימלך נתץ את כל העיר שכם
shoftim9,שופטים,9,את אנשי מגדל שכם השאיר אבימלך בחיים
shoftim9,שופטים,9,"תבץ , נלכדה ע'י אבימלך"
shoftim9,שופטים,9,אשה השליכה על אבימלך פלח רכב ונתרסקה גולגלתו
shoftim9,שופטים,9,"אבימלך קרא לנערו: ""שְׁלֹף חַרְבְּךָ וּמוֹתְתֵנִי פֶּן יֹאמְרוּ לִי אִשָּׁה הֲרָגָתְהו"""
shoftim9,שופטים,9,"ה' הביא את הרעה על אבימלך בגלל רצח אחיו, קללת יותם התממשה."
yehoshua-1,יהושוע,1,כינויו של משה בפי ה':  'עבדי'
yehoshua-1,יהושוע,1,"תפקידו של יהושע, לא להכניס את העם לארץ"
yehoshua-1,יהושוע,1,כל מקום שידרוך בו עם ישראל – יהיה שייך לישראל
yehoshua-1,יהושוע,1,"גבולות הארץ: בדרום, מדבר סיני"
yehoshua-1,יהושוע,1,בצפון הגבול הוא נהר פרת 
yehoshua-1,יהושוע,1,ה' לא מבטיח ליהושע שיהיה איתו
yehoshua-1,יהושוע,1,"ביטוי ראשון של 'חזק ואמץ' בפי ה' , שליהושע יהיה הכוח להנחיל את הארץ לשבטים"
yehoshua-1,יהושוע,1,"ביטוי שני של 'חזק ואמץ', לשמור את חוקי ה'"
yehoshua-1,יהושוע,1,ספר התורה צריך להיות בפי ישראל יומם ולילה
yehoshua-1,יהושוע,1,"'חזק ואמץ' השלישי , לא לפחוד, כי ה' איתו"
yehoshua-1,יהושוע,1,"שוטרי העם מקבלים הוראה מיהושע, להכין את העם למסע כניסה לארץ בעוד 10 ימים"
yehoshua-1,יהושוע,1,לשניים וחצי השבטים מצווה יהושע למלא את הסיכום עם משה
yehoshua-1,יהושוע,1,"שניים וחצי השטים הינם: דן, אשר ונפתלי חצי"
yehoshua-1,יהושוע,1,2 וחצי השבטים התחייבו להיות חלוץ בכיבוש הארץ
yehoshua-1,יהושוע,1,חלוץ = ראשון
yehoshua-1,יהושוע,1,הנשים והילדים וכל רכוש 2 וחצי השבטים יישאר בבתיהם בעבר הירדן המזרחי כאשר הגברים יעזרו בכיבוש הארץ
yehoshua-1,יהושוע,1,תפקיד 2 וחצי השבטים יסתיים כאשר ייגמר כיבוש הארץ
yehoshua-1,יהושוע,1,2 וחצי השבטים מסכימים להנחיות של  יהושע
yehoshua-1,יהושוע,1,2 וחצי השבטים מבטיחים שישמעו ליהושע כמו ששמעו אל משה
yehoshua-1,יהושוע,1,2 וחצי השבטים מסיימים את דבריהם ליהושע ב'חזק ואמץ'
yehoshua-2,יהושוע,2,וַיִּשְׁלַח יְהוֹשֻׁעַ בִּן נוּן מִן הַשִּׁטִּים שלושה אֲנָשִׁים מְרַגְּלִים
yehoshua-2,יהושוע,2,רחב היתה זונה
yehoshua-2,יהושוע,2,המרגלים לא התגלו לאנשי יריחו
yehoshua-2,יהושוע,2,מלך יריחו הודיע לרחב שעליה להכניס את המרגלים לבית שלה
yehoshua-2,יהושוע,2,רחב הסתירה את המרגלים על המרתף 
yehoshua-2,יהושוע,2,רחב אמרה לשליחי מלך יריחו  שהמרגלים כבר הלכו / יצאו
yehoshua-2,יהושוע,2,  וְהִיא (רחב) עָלְתָה אלֵיהֶם עַל הַגָּג:
yehoshua-2,יהושוע,2,רחב אמרה למרגלים שכל תושבי הארץ פוחדים מאוד מעם ישראל
yehoshua-2,יהושוע,2,רחב מכירה בעובדה שה' הוא האלוקים בשמים ובארץ
yehoshua-2,יהושוע,2,רחב מבקשת שבכיבוש יריחו יצילו אותה ואת משפחתה
yehoshua-2,יהושוע,2,המרגלים מסכימים לבקשתה מיד. התנאי שלא תגלה לאף אחד חוץ מבני משפחתה
yehoshua-2,יהושוע,2,רחב קשרה את תקות חוט השני על הדלת כסימן
yehoshua-2,יהושוע,2,"""לחפור את הארץ"" (פרק ב פסוק ב') פירושו : לעשות בור עמוק"
yehoshua-2,יהושוע,2,"רחב אמרה למרגלים שעממי כנען פוחדים , כי שמעו מה עשו ישראל לסיחון ולעוג."
yehoshua-2,יהושוע,2,"רחב אמרה למרגלים שעממי כנען פוחדים , כי שמעו על בקיעת ים סוף"
yehoshua-2,יהושוע,2,ביתה של רחב היה בקיר החומה
yehoshua-2,יהושוע,2,רחב מציעה למרגלים לעבור מיד את הירדן
yehoshua-2,יהושוע,2,המרגלים מיריחו דיווחו על תוצאות שליחותם לפנחס
yehoshua-2,יהושוע,2,"המרגלים מוסרים שה' נותן ביד ישראל את הארץ, ועממי כנען ממש פוחדים מעם ישראל"
yehoshua-20-21,יהושוע,,מצות ערי המקלט ניתנה למשה
yehoshua-20-21,יהושוע,,מצות ערי המקלט מופיעה בספר במדבר פרק ל'ה
yehoshua-20-21,יהושוע,,עיר המקלט הינה מקום מבטחים לרוצח במזיד
yehoshua-20-21,יהושוע,,רוצח במזיד = הרג לא בכוונה
yehoshua-20-21,יהושוע,,רוצח בשגגה = הרג בכוונה
yehoshua-20-21,יהושוע,,עיר המקלט הינה מקום מבטחים מפני גואל הדם
yehoshua-20-21,יהושוע,,ערי מועדה = ערי מקלט
yehoshua-20-21,יהושוע,,"אדם שהרג בלי כוונה, יושב בעיר המקלט"
yehoshua-20-21,יהושוע,,"האיש שהרג בשוגג  יוצא מעיר המקלט, כאשר מת הכוהן הגדול"
yehoshua-20-21,יהושוע,,שלוש ערי מקלט היו בעבר הירדן המערבי
yehoshua-20-21,יהושוע,,"ערי המקלט היו: בצפון קדש, במרכז שכם בדרום חברון"
yehoshua-20-21,יהושוע,,שלוש ערי מקלט היו בעבר הירדן המזרחי
yehoshua-20-21,יהושוע,,מנחלת ראובן בצפון נתנו את בצר עיר מקלט
yehoshua-20-21,יהושוע,,את גולן בדרום משבט מנשה הקדישו כעיר מקלט
yehoshua-20-21,יהושוע,,מנחלת בני גד הקדישו את רמות כעיר מקלט
yehoshua-20-21,יהושוע,,הלויים ביקשו גם הם נחלה כמו כל השבטים
yehoshua-20-21,יהושוע,,הלויים קיבלו רק ערים לגור בהן ולא קיבלו נחלה
yehoshua-20-21,יהושוע,,כל שבט נתן ללוויים 10 ערים
yehoshua-20-21,יהושוע,,בסך הכל קיבלו הלוויים 48 ערים
yehoshua-20-21,יהושוע,,בתוך ערי הלוויים נכללו גם ערי המקלט
yehoshua-22,יהושוע,22,יהושע קורא ל  שניים וחצי  השבטים
yehoshua-22,יהושוע,22,יהושע אומר להם שהם לא מילאו את ההסכם שהיה בינם לבין משה
yehoshua-22,יהושוע,22,יהושע מאשר להם ללכת בחזרה לבתיהם שבעבר הירדן המזרחי
yehoshua-22,יהושוע,22,יהושע מתרה ב שניים וחצי השבטים שישמרו את מצוות ה'
yehoshua-22,יהושוע,22,יהושע מברך את 21/2 השבטים ושולח אותם לבתיהם
yehoshua-22,יהושוע,22,1/2 שבט מנשה התנחל בבשן
yehoshua-22,יהושוע,22,21/2 השבטים חוזרים לבתיהם ללא שלל בכלל
yehoshua-22,יהושוע,22,עם חציית הירדן על גלילות הירדן 21/2 השבטים בונים מזבח גדול
yehoshua-22,יהושוע,22,כאשר שמע עם ישראל על בניית המזבח הם התכנסו בעיר ירושלים כדי לצאת ולהלחם בשניים וחצי השבטים
yehoshua-22,יהושוע,22,פנחס הכהן ועוד 10 נשיאים משבטי ישראל יצאו לפגישה עם 21/2 השבטים
yehoshua-22,יהושוע,22,המשלחת הגיעה לגלעד
yehoshua-22,יהושוע,22,אנשי המשלחת טוענים שבניית מזבח הינה מרד בה'. ועלול לבוא על עם ישראל עונש כמו בחטא פעור
yehoshua-22,יהושוע,22,"אנשי המשלחת מבהירים , אם נראה להם שעבר הירדן המזרחי הינה ארץ טמאה, מוזמנים 21/2 השבטים לגור בעבר הירדן המערבי"
yehoshua-22,יהושוע,22,אנשי המשלחת מזכירים את עונשו של עכן על מעילה בחרם
yehoshua-22,יהושוע,22,תשובת 21/2 השבטים: אל אלוקים ה'
yehoshua-22,יהושוע,22,תשובת 21/2 השבטים חס וחלילה לא היתה כוונה למרוד בה'. מטרת בניית המזבח היא מטרה חיובית
yehoshua-22,יהושוע,22,המזבח נבנה במטרה להוכחה ולעדות ש 21/2 השבטים שייכים לעם ישראל אפילו שהם חיים בעבר הירדן המזרחי
yehoshua-22,יהושוע,22,כאשר שומעים ענשי המשלחת את תשובת 21/2 השבטים הם מאוד כועסים
yehoshua-22,יהושוע,22,"אנשי המשלחת חוזרים לארץ ומדווחים . התוצאה , אין מלחמת אחים"
yehoshua-22,יהושוע,22,"21/2 השבטים קראו למזבח: ""כי עד הוא בינותינו, כי ה' האלוקים"""
yehoshua-23,יהושוע,23,"""בָּא בַּיָּמִים..."", פירושו, אוהב להפליג בים"
yehoshua-23,יהושוע,23," ""וַיִּקְרָא יְהוֹשֻׁעַ לְכָל יִשְׂרָאֵל "" יהושע קרא לעם להתכנס בעיר שכם"
yehoshua-23,יהושוע,23," אלעזר הכהן קרא לגדולי ישראל: ""לִזְקֵנָיו וּלְרָאשָׁיו וּלְשֹׁפְטָיו וּלְשֹׁטְרָיו"""
yehoshua-23,יהושוע,23,ה' הוא שעשה את מלחמות כיבוש ארץ ישראל למען ישראל
yehoshua-23,יהושוע,23,נותרו עוד עמים בתוך נחלות ישראל
yehoshua-23,יהושוע,23,ה' לא יוריש גם את העמים הנותרים בארץ ישראל
yehoshua-23,יהושוע,23, יהושע מזהיר את העם מהשפעת הגויים שנשארו בארץ
yehoshua-23,יהושוע,23,"יהושע מזכיר לעם: ""וְאַתֶּם לֹא עָמַד אִישׁ בִּפְנֵיכֶם עַד הַיּוֹם הַזֶּה:"""
yehoshua-23,יהושוע,23,"כאשר קיימת עזרת ה', אחד מישראל רודף אלף מעמים אחרים"
yehoshua-23,יהושוע,23,האוהב את ה' הוא שומר נפשו
yehoshua-23,יהושוע,23,ה' יעזור לישראל גם אם יתחתנו עם עממי כנען
yehoshua-23,יהושוע,23,"המשפט הבא: ""וְהָיוּ לָכֶם לְפַח וּלְמוֹקֵשׁ וּלְשֹׁטֵט בְּצִדֵּיכֶם וְלִצְנִנִים בְּעֵינֵיכֶם"", מלמד, כמה טוב יהיה לישראל "
yehoshua-23,יהושוע,23,"המשפט הבא, מלמד שיהושע מתכונן לצאת לסיור בכל ארץ ישראל: ""וְהִנֵּה אָנֹכִי הוֹלֵךְ הַיּוֹם בְּדֶרֶךְ כָּל הָאָרֶץ"""
yehoshua-23,יהושוע,23,"יהושע מזכיר לעם שכל הבטחות ה' לישראל , מומשו"
yehoshua-23,יהושוע,23,"""הַכֹּל בָּאוּ לָכֶם לֹא נָפַל מִמֶּנּוּ דָּבָר אֶחָד"": כוונת הדברים: הביאו לכם הרבה אוכל, בלי שיפול כלום."
yehoshua-23,יהושוע,23," טוב או רע, יהיה לישראל בהתאם להתנהגותו"
yehoshua-23,יהושוע,23,"אם יבוא רע על ישראל, הוא יהיה מאוד קיצוני: ""עַד הַשְׁמִידוֹ אוֹתְכֶם מֵעַל הָאֲדָמָה הַטּוֹבָה הַזֹּאת"""
yehoshua-23,יהושוע,23,"""וְחָרָה אַף ה’ בָּכֶם"", אם לא תשמעו בקולו"
yehoshua-23,יהושוע,23,"""וְחָרָה אַף ה’ בָּכֶם"" פירושו: כעסו של ה' יהיה מאוד גדול"
yehoshua-23,יהושוע,23,כעסו של ה' יהיה בגלל עבודת האלילים של ישראל
yehoshua-24,יהושוע,24,יהושע מכנס את כל ישראל בירושלים
yehoshua-24,יהושוע,24,יהושע פותח את דבריו בתולדות אבות האומה ומזכיר אפילו את תרח אביו של אברהם
yehoshua-24,יהושוע,24,יהושע מציין את בחירת אברהם ע'י ה'
yehoshua-24,יהושוע,24,יהושע אינו מזכיר את לידת יצחק
yehoshua-24,יהושוע,24,עשו קיבל ירושה את הרי אדום = הר שעיר
yehoshua-24,יהושוע,24,יהושע מזכיר את הירידה למצרים
yehoshua-24,יהושוע,24,יהושע מזכיר את משה ואהרן שנשלחו ע'י ה'
yehoshua-24,יהושוע,24,יהושע מזכיר את המגפות שבאו על מצרים
yehoshua-24,יהושוע,24,יהושע מזכיר מה שקרה למצרים בים התיכון
yehoshua-24,יהושוע,24,יהושע מזכיר את הנסיונות של מואב לקלל את ישראל באמצעות בלעם. וה' בירך במקום זאת ע'י בלעם 
yehoshua-24,יהושוע,24,יהושע מזכיר את מלחמת כיבוש הארץ מידי עממי כנען
yehoshua-24,יהושוע,24,יהושע מציין שה' שלח את הצרעה לסייע בכיבוש הארץ
yehoshua-24,יהושוע,24,"יהושע מציין שעם ישראל נהנה מהרכוש של העמים אותם כבש [ערים, בתים ומטעים]"
yehoshua-24,יהושוע,24,יהושע אומר לעם שעליהם לבחור בין עבודת ה' לעבודת אלילים
yehoshua-24,יהושוע,24,העם מחליט לעבוד אלילים
yehoshua-24,יהושוע,24,"יהושע מדגיש שאם יחליטו לעבוד את ה' , ידעו שהוא אלוקים המעניש את עוברי העבירה בחומרה [אל קנא]"
yehoshua-24,יהושוע,24,יהושע דורש שיסלקו את כל האלילים שבתוכם
yehoshua-24,יהושוע,24,יהושע מחליט לא לכרות ברית בין ה' לעם ישראל
yehoshua-24,יהושוע,24,את יהושע קברו בנחלתו בתמנת חרס
yehoshua-24,יהושוע,24,את יוסף [שהוציאו את עצמותיו ממצרים] קברו בשכם בחלקת השדה שקנה יעקב אבינו
yehoshua-3,יהושוע,3,ישראל נסעו מהשיטים והגיעו לירדן
yehoshua-3,יהושוע,3,הם החליטו לא לישון לפני חציית הירדן
yehoshua-3,יהושוע,3,אחרי 4 ימים עברו השוטרים במחנה
yehoshua-3,יהושוע,3,את הארון ישאו הכוהנים
yehoshua-3,יהושוע,3,המרחק בין הארון למחנה הצועדים יהיה 3000 אמה
yehoshua-3,יהושוע,3,אע'פ שהם מכירים היטב את הדרך כי עברו בה יום יום אסור להתקרב לארון
yehoshua-3,יהושוע,3,הכהנים נושאי הארון קיבלו הוראה מיהושע ללכת אחרי העם
yehoshua-3,יהושוע,3,ה' אומר ליהושע כי היום כולם ידעו שה' עם יהושע כמו שהיה עם משה
yehoshua-3,יהושוע,3,על הכהנים נושאי הארון להכנס לאמצע הירדן
yehoshua-3,יהושוע,3,יהושע קורא לבני ישראל להתקרב אליו כדי לשמוע את דבר ה'
yehoshua-3,יהושוע,3,היום ידעו כולם כי ה' בקרב ישראל
yehoshua-3,יהושוע,3,ה' יוריש את עממי כנען מפני בני ישראל
yehoshua-3,יהושוע,3,"העממים המוזכרים כאן: כנעני, חיתי , חיוי , יבוסי, פריזי, גרגשי, אמורי"
yehoshua-3,יהושוע,3,הארון שיעבור לפני בני ישראל הוא ארון הברית
yehoshua-3,יהושוע,3,יהושע מודיע שיש לבחור 15 איש מבני ישראל
yehoshua-3,יהושוע,3,"יהושע מודיע שברגע שרגלי הכהנים יטבלו במי הירדן, תיעצר זרימת הנהר"
yehoshua-3,יהושוע,3,"צריך לזכור שהירדן היה מלא על גדותיו , כי, היתה תקופת האביב [ניסן]/תקופת הקציר"
yehoshua-3,יהושוע,3,זרימת הירדן נעצרה בעיר אדם
yehoshua-3,יהושוע,3,שארית המים זרמה לים המלח
yehoshua-3,יהושוע,3,לכוהנים לא היתה סבלנות לחכות עד שכל העם יעבור
yehoshua-4,יהושוע,4,על יהושע לבחור 15 אנשים
yehoshua-4,יהושוע,4,תפקיד האנשים להוציא מהירדן אבנים ולהניחם במקום בו ילונו
yehoshua-4,יהושוע,4,את האבנים יש להוציא מאחורי הארון
yehoshua-4,יהושוע,4,מטרת האבנים: אות וזכרון לבני ישראל
yehoshua-4,יהושוע,4,הזכרון הוא: שמי הירדן נכרתו [חדלו מלזרום] כאשר בני ישראל עברו בירדן
yehoshua-4,יהושוע,4,בני ישראל שמעו ואספו 12 אבנים כמספר שבטי ישראל
yehoshua-4,יהושוע,4,גם בתוך הירדן השאיר יהושע מצבת אבנים
yehoshua-4,יהושוע,4,הכהנים נושאי הארון לא המתינו עד למעבר כל ישראל בירדן
yehoshua-4,יהושוע,4,"לאחר שהסתיימה חציית הירדן ,הכהנים נשאו את הארון כדי להיות לפני העם"
yehoshua-4,יהושוע,4,2 וחצי השבטים היו הראשונים [חיל חלוץ] לפני ישראל
yehoshua-4,יהושוע,4,2 וחצי השבטים היו: אפרים נפתלי וחצי שבט דן
yehoshua-4,יהושוע,4,"חיל החלוץ ממזרח הירדן, מנה כ -  40 אלף אנשי צבא"
yehoshua-4,יהושוע,4,העם הגיע לערבות יריחו
yehoshua-4,יהושוע,4,חציית הירדן גרמה לכך שהעם יזלזל ביהושע
yehoshua-4,יהושוע,4,"כאשר עלו הכהנים ויצאו מהירדן, הוא חזר לזרום כרגיל."
yehoshua-4,יהושוע,4,תאריך חציית הירדן היה ב י' ניסן
yehoshua-4,יהושוע,4,החנייה היתה במקום שנקרא גלגל
yehoshua-4,יהושוע,4,מצבת האבנים הוקמה בתוך יריחו
yehoshua-4,יהושוע,4,מטרת האבנים לזכרון: שהירדן היה יבש עד שישראל סיימו לחצות אותו
yehoshua-4,יהושוע,4,מטרת האבנים: שעמי העולם יבינו מהי ידו החזקה של הקב'ה
yehoshua-5,יהושוע,5,"על ייבוש הירדן ומעבר ישראל, שמעו האמורי והכנעני"
yehoshua-5,יהושוע,5,לבבם של עמים אלה נמס מרוב פחד
yehoshua-5,יהושוע,5,סכיני המילה נוצרו מפלדת 'אל – חלד'
yehoshua-5,יהושוע,5,כמות הערלות היתה מאוד גדולה עד כי נוצרה גבעה...
yehoshua-5,יהושוע,5,יוצאי מצרים שהיו בגיל צבא נימולו עכשיו
yehoshua-5,יהושוע,5,אלה שנולדו במדבר נימולו עכשיו אחרי חציית הירדן
yehoshua-5,יהושוע,5,כל מי שנדד במדבר אחרי לידתו לא נימול במדבר
yehoshua-5,יהושוע,5,50 שנה הלכו בני ישראל במדבר
yehoshua-5,יהושוע,5,"מטרת ההליכה הארוכה, כל אלה שלא שמעו בקול ה' והיו בגיל צבא מתו בנדודים במדבר"
yehoshua-5,יהושוע,5,כי כל אלה שלא שמעו בקול ה'   נשבע שלא יגיעו לארץ
yehoshua-5,יהושוע,5,"הבנים שנולדו להם הם שנכנסו לארץ. הסיבה שלא נימולו במדבר, סכנה למול בתנאים אלה"
yehoshua-5,יהושוע,5,אחרי ברית המילה היתה מנוחה עד שהתרפאו
yehoshua-5,יהושוע,5,המקום נקרא 'גלגל' בגלל העגלות הרבות שהיו שם
yehoshua-5,יהושוע,5,בערבות ירושלים עשו את הפסח
yehoshua-5,יהושוע,5,למחרת הפסח התחילו לאכול מתבואת הארץ
yehoshua-5,יהושוע,5,המן פסק להופיע ממחרת הפסח
yehoshua-5,יהושוע,5,כשהיה יהושע ביריחו הוא ראה איש כשחרבו שלופה בידו
yehoshua-5,יהושוע,5,בתשובה לשאלת יהושע ענה האיש שהוא שר צבא ה'
yehoshua-5,יהושוע,5,"יהושע מצווה להוריד את כובעו, כדי לקבל מכת שמש"
yehoshua-5,יהושוע,5,הסיבה להורדה כי המקום הוא מקודש
yehoshua-6,יהושוע,6,לא הצליחו לסגור את השער של יריחו
yehoshua-6,יהושוע,6,ה' אומר ליהושע שהוא מוסר בידו את העיר יריחו וגיבוריה
yehoshua-6,יהושוע,6,ה' אומר ליהושע ביום הראשון שיש לסובב את העיר פעם אחת 
yehoshua-6,יהושוע,6,את סיבוב העיר יריחו יש לבצע 8 ימים
yehoshua-6,יהושוע,6,7 כוהנים הלכו עם שופרות לפני הארון
yehoshua-6,יהושוע,6,ביום ה - 7  סבבו את העיר 7 פעמים
yehoshua-6,יהושוע,6,לפני הארון הלך חיל החלוץ
yehoshua-6,יהושוע,6,המאסף לא הלך בכלל
yehoshua-6,יהושוע,6,יהושע ציוה את העם להיות בדממה כל 6 הימים
yehoshua-6,יהושוע,6,ביום השביעי קמו מאוחר בצהריים
yehoshua-6,יהושוע,6,בסיבוב ה- 7 של היום ה - 7 תקעו הכוהנים בשופרות
yehoshua-6,יהושוע,6,בסיבוב ה- 7 של היום ה - 7 נשארו כולם בשקט
yehoshua-6,יהושוע,6,הסיבה שרחב נשארה בחיים כי היתה יפה
yehoshua-6,יהושוע,6,"יהושע מודיע כי אין לקחת כלום כלום מהעיר יריחו, כי כולה חרם"
yehoshua-6,יהושוע,6,הכסף והזהב של יריחו שייך לה'
yehoshua-6,יהושוע,6,"כאשר נשמעו קולות התרועה של העם, נפלה החומה"
yehoshua-6,יהושוע,6,לשני המרגלים אמר יהושע להוציא את רחב ואת כל השייך לה.
yehoshua-6,יהושוע,6,"את משפחת רחב, ההורים האחים הוציאו מחוץ למחנה ישראל"
yehoshua-6,יהושוע,6,את העיר יריחו החליטו לא לשרוף באש
yehoshua-6,יהושוע,6,יהושע השביע בקללה  כל מי שיבנה את יריחו בבכורו ייסד אותה וכשיציב דלתות ימות בנו הצעיר
yehoshua-8,יהושוע,8,ה' מצוה את יהושע לקחת רק חלק מהלוחמים במלחמה בעי
yehoshua-8,יהושוע,8,"ה' מצוה לשרוף את העי , אבל מותר לקחת שלל"
yehoshua-8,יהושוע,8,"יהושע הציב את האורב על העי, בין בית אל ובין העי ממערב לעיר"
yehoshua-8,יהושוע,8,יהושע לן בלילה לפני הקרב בתוך העם
yehoshua-8,יהושוע,8,אנשי העי נעלו את העיר כשיצאו לרדוף אחרי ישראל
yehoshua-8,יהושוע,8,לא נשאר אפילו לוחם אחד בעיר עי ובבית אל
yehoshua-8,יהושוע,8,"יהושע העיף את הכידון לגובה עצום , כשהאורב ראה זאת הוא מיהר אל תוך העיר"
yehoshua-8,יהושוע,8,אנשי העי נלכדו בין 'הבורחים' לבין האורב והושמדו כולם
yehoshua-8,יהושוע,8,מתו 20 אלף מאנשי העי
yehoshua-8,יהושוע,8,את מלך העי תלה יהושע על עץ עד הערב
yehoshua-8,יהושוע,8,יהושע החזיק את הכידון נטוי עד סיום החרמת כל העיר עי
yehoshua-8,יהושוע,8,את המזבח בנה יהושע בהר גריזים
yehoshua-8,יהושוע,8,המזבח נבנה מאבנים שנחצבו באמצעות כלי ברזל שונים
yehoshua-8,יהושוע,8,על המזבח הקריבו עולות ושלמים
yehoshua-8,יהושוע,8,על האבנים כתבו את ספרי הנביאים
yehoshua-8,יהושוע,8,"במעמד הר עיבל עמד כל עם ישראל , הזקנים, השוטרים והשופטים"
yehoshua-8,יהושוע,8,"המעמד היה משני צידי הארון, חצי מול הר גריזים והחצי השני אל מול הר עיבל"
yehoshua-8,יהושוע,8,במעמד הקריאו את התורה והברכה והקללה
yehoshua-8,יהושוע,8,לא מילאו בדיוק את ציוויו של משה
yehoshua-8,יהושוע,8,עממי כנען החליטו פה אחד לא להילחם בישראל
yehoshua-9,יהושוע,9,העמים בארץ שמעו את מה שקרה ליריחו והעי . החליטו להתקבץ יחד כדי להילחם עם ישראל
yehoshua-9,יהושוע,9,הגבעונים החליטו להצטרף להתארגנות נגד ישראל
yehoshua-9,יהושוע,9,הגבעונים החליטו לרמות את ישראל
yehoshua-9,יהושוע,9,"הגבעונים הצטיידו בציוד חדיש ביותר, ומזון שרואים שיצא רק היום מהמפעלים"
yehoshua-9,יהושוע,9,שק בלה = שק חדש
yehoshua-9,יהושוע,9,נאד יין מבוקע = כד יין שהתבקע
yehoshua-9,יהושוע,9,לחם מלא ניקודים = לחם ישן מעופש
yehoshua-9,יהושוע,9,הגבעונים ביקשו כריתת ברית עם ישראל בטענה שאינם שייכים לעממי כנען
yehoshua-9,יהושוע,9,'איש ישראל' שאלו את הגבעונים: אולי אתם גרים כאן קרוב
yehoshua-9,יהושוע,9,הגבעונים אומרים ליהושע שהם שמעו מה שישראל עשו לסיחון ולעוג
yehoshua-9,יהושוע,9,הגבעונים אומרים שהנהגת עמם שלחה אותם כדי שיכרתו ברית עם ישראל
yehoshua-9,יהושוע,9,הגבעונים מספרים שהלכו ימים רבים ומוכיחים זאת על ידי פצעי ההליכה שסבלו מהם בדרך
yehoshua-9,יהושוע,9,"בני ישראל שוכנעו, יהושע והזקנים כרתו עימם ברית בשבועה"
yehoshua-9,יהושוע,9,בני ישראל לא שאלו את ה' בעניין הברית עם הגבעונים
yehoshua-9,יהושוע,9,שבוע אחרי הברית נודע לישראל שהגבעונים קרובים ויושבים בארץ ישראל/כנען
yehoshua-9,יהושוע,9,"ערי גבעון היו: גבעון, הכפירה, בארות וקרית יערים"
yehoshua-9,יהושוע,9,בני ישראל לא היכו את הגבעונים בגלל השבועה
yehoshua-9,יהושוע,9,בני ישראל הפכו את הגבעונים לחוטבי מים ושואבי עצים.  כלומר לעבדים
yehoshua-9,יהושוע,9,"הגבעונים הסבירו ליהושע כי הם רימו את ישראל , כי זה כיף לרמות את היהודים"
yehoshua-9,יהושוע,9,יהושע הציל את הגבעונים מידי ישראל שרצו להרוג אותם